drop database if exists snet0611;
create database if not exists snet0611 character set = UTF8MB4;
USE snet0611;
#
# TABLE STRUCTURE FOR: users
#

CREATE TABLE `users` (
  `id` bigint(20) unsigned NOT NULL AUTO_INCREMENT,
  `firstname` varchar(50) COLLATE utf8_unicode_ci NOT NULL,
  `lastname` varchar(50) COLLATE utf8_unicode_ci DEFAULT NULL COMMENT 'Фамилия пользователя',
  `email` varchar(120) COLLATE utf8_unicode_ci DEFAULT NULL,
  `phone` varchar(20) COLLATE utf8_unicode_ci DEFAULT NULL,
  `birthday` date DEFAULT NULL,
  `hometown` varchar(100) COLLATE utf8_unicode_ci DEFAULT NULL,
  `gender` char(1) COLLATE utf8_unicode_ci DEFAULT NULL,
  `photo_id` bigint(20) unsigned DEFAULT NULL,
  `create_at` datetime DEFAULT current_timestamp(),
  `pass` char(40) COLLATE utf8_unicode_ci DEFAULT NULL,
  PRIMARY KEY (`id`),
  UNIQUE KEY `email` (`email`),
  UNIQUE KEY `phone` (`phone`),
  KEY `phone_2` (`phone`),
  KEY `users_firstname_lastname_idx` (`firstname`,`lastname`)
) ENGINE=InnoDB AUTO_INCREMENT=101 DEFAULT CHARSET=utf8 COLLATE=utf8_unicode_ci;

INSERT INTO `users` (`id`, `firstname`, `lastname`, `email`, `phone`, `birthday`, `hometown`, `gender`, `photo_id`, `create_at`, `pass`) VALUES ('1', 'Enola', 'Tromp', 'von.dexter@example.net', '591.910.2000', '2019-03-12', 'debitis', 'm', '5', '1975-10-02 19:56:09', '49837edd699e771931087b2ebd2a0b0da9ed8061');
INSERT INTO `users` (`id`, `firstname`, `lastname`, `email`, `phone`, `birthday`, `hometown`, `gender`, `photo_id`, `create_at`, `pass`) VALUES ('2', 'Leann', 'Schinner', 'keira48@example.org', '580.809.6382x984', '1972-08-04', 'ut', 'f', '2', '2002-07-16 13:06:20', '2e31b4fb853b9c8b554bdfd905e9a55e097f6394');
INSERT INTO `users` (`id`, `firstname`, `lastname`, `email`, `phone`, `birthday`, `hometown`, `gender`, `photo_id`, `create_at`, `pass`) VALUES ('3', 'Davonte', 'Schaden', 'dbeer@example.net', '887-526-4912', '1991-02-19', 'quos', 'm', '3', '1974-07-13 13:07:14', 'f9f38cdb1c7ce9aa51d33f25de762d288a6bc2b4');
INSERT INTO `users` (`id`, `firstname`, `lastname`, `email`, `phone`, `birthday`, `hometown`, `gender`, `photo_id`, `create_at`, `pass`) VALUES ('4', 'Brian', 'Renner', 'kendall.stark@example.org', '129.031.9904', '1978-08-01', 'fugit', 'f', '4', '1980-11-25 12:29:46', 'c7f1d9d86b6c484be857ad21ccbfeb79c7550670');
INSERT INTO `users` (`id`, `firstname`, `lastname`, `email`, `phone`, `birthday`, `hometown`, `gender`, `photo_id`, `create_at`, `pass`) VALUES ('5', 'Zora', 'Wehner', 'frederick44@example.org', '325.262.3795x09857', '1970-01-30', 'explicabo', 'f', '9', '1999-05-04 18:23:33', '0f3c7a62edaefccfc597410d886350ba375a547e');
INSERT INTO `users` (`id`, `firstname`, `lastname`, `email`, `phone`, `birthday`, `hometown`, `gender`, `photo_id`, `create_at`, `pass`) VALUES ('6', 'Alessandra', 'Gutmann', 'dstark@example.net', '241.901.6044x03165', '1982-09-07', 'itaque', 'm', '1', '2008-04-11 19:39:34', '4acb447f59ab2d8c91133ab85f0ab79cb6c98000');
INSERT INTO `users` (`id`, `firstname`, `lastname`, `email`, `phone`, `birthday`, `hometown`, `gender`, `photo_id`, `create_at`, `pass`) VALUES ('7', 'Edwardo', 'Tillman', 'stanton.jovany@example.net', '(011)932-4617', '2018-04-21', 'sit', 'f', '6', '2004-04-12 02:48:27', '95aa2b0cb4292f1b5b425b4e8f106c0b75df1639');
INSERT INTO `users` (`id`, `firstname`, `lastname`, `email`, `phone`, `birthday`, `hometown`, `gender`, `photo_id`, `create_at`, `pass`) VALUES ('8', 'Samanta', 'Toy', 'cassie88@example.org', '1-601-413-0600', '2014-12-09', 'quia', 'm', '4', '1987-02-02 08:43:09', 'e066e73e9310ea1de61d1a9c4ab3e475bdd6054d');
INSERT INTO `users` (`id`, `firstname`, `lastname`, `email`, `phone`, `birthday`, `hometown`, `gender`, `photo_id`, `create_at`, `pass`) VALUES ('9', 'Tito', 'Lakin', 'green.mazie@example.net', '(448)047-4232x54932', '1999-09-22', 'officiis', 'f', '6', '2010-12-19 10:06:04', '19b15b0ba90ca7c6e5c0082a24178f8119f5285b');
INSERT INTO `users` (`id`, `firstname`, `lastname`, `email`, `phone`, `birthday`, `hometown`, `gender`, `photo_id`, `create_at`, `pass`) VALUES ('10', 'Jack', 'Swaniawski', 'cbogan@example.org', '+57(9)9508527732', '2007-06-01', 'ut', 'f', '4', '2013-05-13 09:30:54', '3ff0bb8cf011a5726dd73a0b4f5f5176ecfdcfcf');
INSERT INTO `users` (`id`, `firstname`, `lastname`, `email`, `phone`, `birthday`, `hometown`, `gender`, `photo_id`, `create_at`, `pass`) VALUES ('11', 'Jaylin', 'Kuphal', 'jake.mcdermott@example.com', '846-819-8452', '1983-05-07', 'pariatur', 'f', '5', '1991-08-01 10:35:23', 'f0b8ea249c80b17f67de6851e23ce64b35fa9b2f');
INSERT INTO `users` (`id`, `firstname`, `lastname`, `email`, `phone`, `birthday`, `hometown`, `gender`, `photo_id`, `create_at`, `pass`) VALUES ('12', 'Lavon', 'Schoen', 'jerde.jaime@example.org', '+58(7)7344632476', '2002-02-20', 'autem', 'm', '6', '1970-08-04 18:43:43', 'e934ba8c9f2c8b06e0e3008917e04cb92f21b874');
INSERT INTO `users` (`id`, `firstname`, `lastname`, `email`, `phone`, `birthday`, `hometown`, `gender`, `photo_id`, `create_at`, `pass`) VALUES ('13', 'Bridgette', 'O\'Reilly', 'jena.rau@example.org', '539-265-1530x8622', '2003-05-10', 'voluptate', 'm', '9', '2003-11-04 03:36:04', 'facae3014a2c2028dec198f9f8ce5891db762ccb');
INSERT INTO `users` (`id`, `firstname`, `lastname`, `email`, `phone`, `birthday`, `hometown`, `gender`, `photo_id`, `create_at`, `pass`) VALUES ('14', 'Ramon', 'Nicolas', 'schmitt.adeline@example.org', '(641)334-6676', '1980-07-08', 'veniam', 'm', '9', '1998-01-16 08:24:46', 'f33a5a057fae793d7c022110bd558958ff2f67f2');
INSERT INTO `users` (`id`, `firstname`, `lastname`, `email`, `phone`, `birthday`, `hometown`, `gender`, `photo_id`, `create_at`, `pass`) VALUES ('15', 'Vernice', 'Ondricka', 'tyrese23@example.com', '216.461.1117x2517', '2012-11-29', 'reiciendis', 'm', '9', '2016-12-10 06:44:19', '644870f429719395d05cb700e80108d274b3ac7e');
INSERT INTO `users` (`id`, `firstname`, `lastname`, `email`, `phone`, `birthday`, `hometown`, `gender`, `photo_id`, `create_at`, `pass`) VALUES ('16', 'Shyann', 'Koss', 'emmitt23@example.com', '333-529-5295x72648', '2016-01-25', 'quo', 'm', '5', '1972-10-04 14:12:22', '8ce79b86f1e96e11141bf067bf6f27532eb36b7c');
INSERT INTO `users` (`id`, `firstname`, `lastname`, `email`, `phone`, `birthday`, `hometown`, `gender`, `photo_id`, `create_at`, `pass`) VALUES ('17', 'Jacquelyn', 'Friesen', 'aletha64@example.com', '1-439-570-6920x5028', '1993-01-04', 'ducimus', 'f', '6', '1989-07-08 13:26:41', '2d2a5a86b2543dd6c8e1ed47b79d3f4357703f8d');
INSERT INTO `users` (`id`, `firstname`, `lastname`, `email`, `phone`, `birthday`, `hometown`, `gender`, `photo_id`, `create_at`, `pass`) VALUES ('18', 'Frederik', 'Bogan', 'fsporer@example.com', '00945395964', '2002-06-20', 'eos', 'f', '3', '1994-01-16 12:00:24', 'dddb7fd34bda27c90dcb3eae49e14429789a0191');
INSERT INTO `users` (`id`, `firstname`, `lastname`, `email`, `phone`, `birthday`, `hometown`, `gender`, `photo_id`, `create_at`, `pass`) VALUES ('19', 'Lauryn', 'Cummings', 'katelynn81@example.net', '02411033326', '1979-10-19', 'itaque', 'm', '6', '1991-10-18 17:25:05', '066808bd4abcd354511a90fdcb722f4b742f6a81');
INSERT INTO `users` (`id`, `firstname`, `lastname`, `email`, `phone`, `birthday`, `hometown`, `gender`, `photo_id`, `create_at`, `pass`) VALUES ('20', 'Cesar', 'Treutel', 'simone.lindgren@example.net', '692-508-4403x689', '1992-09-25', 'ullam', 'f', '0', '1971-03-24 04:07:26', '394e68abfb435617071675efd48df1b5442416e9');
INSERT INTO `users` (`id`, `firstname`, `lastname`, `email`, `phone`, `birthday`, `hometown`, `gender`, `photo_id`, `create_at`, `pass`) VALUES ('21', 'Darby', 'Hilpert', 'kstroman@example.net', '(517)005-8695x5529', '1994-09-13', 'quasi', 'm', '9', '1988-09-22 11:34:26', '491c7818708a6427cd64bfa57aa3ba6d29dda00e');
INSERT INTO `users` (`id`, `firstname`, `lastname`, `email`, `phone`, `birthday`, `hometown`, `gender`, `photo_id`, `create_at`, `pass`) VALUES ('22', 'Seth', 'Lebsack', 'hlind@example.com', '571-422-8626x7346', '2003-01-01', 'officiis', 'f', '3', '2017-06-15 06:03:09', 'f0dc896f58d846b11fd3e6afebccdb1755282259');
INSERT INTO `users` (`id`, `firstname`, `lastname`, `email`, `phone`, `birthday`, `hometown`, `gender`, `photo_id`, `create_at`, `pass`) VALUES ('23', 'Ilene', 'Streich', 'mariana.wehner@example.com', '723-495-5730x605', '2004-11-23', 'et', 'f', '8', '2014-04-20 07:32:38', '9482b36c8c8e98084d0708c6d47118f7d6284aee');
INSERT INTO `users` (`id`, `firstname`, `lastname`, `email`, `phone`, `birthday`, `hometown`, `gender`, `photo_id`, `create_at`, `pass`) VALUES ('24', 'Erica', 'Batz', 'horace.morissette@example.net', '(726)912-0302x49436', '2006-07-18', 'veritatis', 'm', '7', '2002-01-29 19:34:56', 'd93817f1a03ec038f8a415fed15ea091a9936108');
INSERT INTO `users` (`id`, `firstname`, `lastname`, `email`, `phone`, `birthday`, `hometown`, `gender`, `photo_id`, `create_at`, `pass`) VALUES ('25', 'Elian', 'Gusikowski', 'john.muller@example.org', '(420)586-2599', '1990-09-02', 'magnam', 'm', '2', '2008-08-25 16:14:50', '3e620b19e01e03a87fca03f671810adccc7cf0cf');
INSERT INTO `users` (`id`, `firstname`, `lastname`, `email`, `phone`, `birthday`, `hometown`, `gender`, `photo_id`, `create_at`, `pass`) VALUES ('26', 'Tyrese', 'Moore', 'nhyatt@example.org', '237-343-1682x250', '1986-11-06', 'rerum', 'f', '8', '1996-03-25 04:03:20', 'd1f6d7dfe7f407d2cf3d9aa0cff4e4a34927d5a7');
INSERT INTO `users` (`id`, `firstname`, `lastname`, `email`, `phone`, `birthday`, `hometown`, `gender`, `photo_id`, `create_at`, `pass`) VALUES ('27', 'Tamia', 'Kirlin', 'reynold90@example.org', '1-376-354-5250', '2005-09-30', 'sapiente', 'm', '7', '1995-06-10 02:42:24', 'b546dc2be7c43a9e1d424f9e791dd84af384e350');
INSERT INTO `users` (`id`, `firstname`, `lastname`, `email`, `phone`, `birthday`, `hometown`, `gender`, `photo_id`, `create_at`, `pass`) VALUES ('28', 'Sydnie', 'Stark', 'jacquelyn.kunde@example.org', '(281)177-6005x9267', '1979-06-25', 'autem', 'f', '4', '1978-07-22 14:21:20', 'bc0a4ecc4a2bcef5fb9d1c85ce028cbad5aa5f58');
INSERT INTO `users` (`id`, `firstname`, `lastname`, `email`, `phone`, `birthday`, `hometown`, `gender`, `photo_id`, `create_at`, `pass`) VALUES ('29', 'Juwan', 'Weissnat', 'zratke@example.net', '07058336717', '1990-02-10', 'non', 'm', '4', '1985-08-18 13:11:01', '63a9b2dd065de078a611310995817d990dac2516');
INSERT INTO `users` (`id`, `firstname`, `lastname`, `email`, `phone`, `birthday`, `hometown`, `gender`, `photo_id`, `create_at`, `pass`) VALUES ('30', 'Chaya', 'Gutkowski', 'pasquale.powlowski@example.org', '795.771.2740x8241', '1990-05-24', 'voluptatem', 'f', '8', '1995-04-10 01:10:04', '8316659d0dd9730fb88c6f388d27f434f958e440');
INSERT INTO `users` (`id`, `firstname`, `lastname`, `email`, `phone`, `birthday`, `hometown`, `gender`, `photo_id`, `create_at`, `pass`) VALUES ('31', 'Giovanna', 'Schultz', 'dovie88@example.net', '611-293-8362x690', '1987-11-26', 'id', 'f', '5', '2002-06-11 03:34:30', 'b5bdd33bd8a1a4e5eec3e46735b690712113c924');
INSERT INTO `users` (`id`, `firstname`, `lastname`, `email`, `phone`, `birthday`, `hometown`, `gender`, `photo_id`, `create_at`, `pass`) VALUES ('32', 'Cleora', 'Howe', 'kunde.americo@example.org', '107.859.4807x22309', '1980-12-12', 'explicabo', 'f', '2', '2011-03-24 08:43:38', 'bc169f4eb2bf183b5cce3ba856ebec1390eb247f');
INSERT INTO `users` (`id`, `firstname`, `lastname`, `email`, `phone`, `birthday`, `hometown`, `gender`, `photo_id`, `create_at`, `pass`) VALUES ('33', 'Clemmie', 'Wilkinson', 'rgislason@example.com', '+53(2)9150317187', '1975-06-14', 'odio', 'f', '8', '2010-01-20 09:53:08', '6db396c0de3868c7ce571763ab1d1df5bdd63933');
INSERT INTO `users` (`id`, `firstname`, `lastname`, `email`, `phone`, `birthday`, `hometown`, `gender`, `photo_id`, `create_at`, `pass`) VALUES ('34', 'Dylan', 'Koepp', 'addison.brakus@example.net', '138-858-3308', '1994-12-16', 'non', 'm', '1', '1988-12-18 01:36:15', '097b411d116213e3b57c7e625a1b7269eb707eb3');
INSERT INTO `users` (`id`, `firstname`, `lastname`, `email`, `phone`, `birthday`, `hometown`, `gender`, `photo_id`, `create_at`, `pass`) VALUES ('35', 'Jeremy', 'Bauch', 'denesik.lonzo@example.com', '09642130965', '2018-11-28', 'consequuntur', 'f', '5', '1981-04-05 03:01:48', 'bd3ff0d79fda7b4c4b7b9dfa0905eade0ab84180');
INSERT INTO `users` (`id`, `firstname`, `lastname`, `email`, `phone`, `birthday`, `hometown`, `gender`, `photo_id`, `create_at`, `pass`) VALUES ('36', 'Jed', 'Sauer', 'rosalind48@example.net', '(290)409-9037x2360', '2005-04-24', 'eos', 'f', '4', '1987-04-29 20:04:42', '2c12f3f670809c75efa43e1dbec3684950d8a907');
INSERT INTO `users` (`id`, `firstname`, `lastname`, `email`, `phone`, `birthday`, `hometown`, `gender`, `photo_id`, `create_at`, `pass`) VALUES ('37', 'Teagan', 'O\'Reilly', 'murray.conroy@example.org', '+88(5)0866560070', '2014-12-11', 'similique', 'm', '0', '2004-04-22 17:34:32', '221b8f55648db30968ab3c9c90b2102396128c7c');
INSERT INTO `users` (`id`, `firstname`, `lastname`, `email`, `phone`, `birthday`, `hometown`, `gender`, `photo_id`, `create_at`, `pass`) VALUES ('38', 'Gia', 'Beier', 'keebler.jailyn@example.org', '377-578-9840x823', '2003-12-19', 'in', 'f', '1', '2016-07-11 19:49:45', '3b13995396394ab44abf1945150428f02389f3bc');
INSERT INTO `users` (`id`, `firstname`, `lastname`, `email`, `phone`, `birthday`, `hometown`, `gender`, `photo_id`, `create_at`, `pass`) VALUES ('39', 'Burdette', 'DuBuque', 'ischimmel@example.com', '938.174.2214x1389', '2003-07-21', 'sit', 'f', '1', '2001-03-28 22:27:41', 'e3f9480c101c130e940d4d6d010be2421425d028');
INSERT INTO `users` (`id`, `firstname`, `lastname`, `email`, `phone`, `birthday`, `hometown`, `gender`, `photo_id`, `create_at`, `pass`) VALUES ('40', 'Verner', 'Gusikowski', 'ludwig.conroy@example.net', '+17(4)8627624752', '1989-09-07', 'qui', 'm', '1', '1976-06-11 11:18:48', 'a2f0d4c0b41277b343ca7248a37a70695ea66c74');
INSERT INTO `users` (`id`, `firstname`, `lastname`, `email`, `phone`, `birthday`, `hometown`, `gender`, `photo_id`, `create_at`, `pass`) VALUES ('41', 'Edythe', 'Gibson', 'carole.rosenbaum@example.com', '(647)127-0724x670', '1979-09-11', 'minus', 'm', '0', '1982-10-12 07:42:38', 'b41748f0a6711140bc1af52c7a4868bb577d014c');
INSERT INTO `users` (`id`, `firstname`, `lastname`, `email`, `phone`, `birthday`, `hometown`, `gender`, `photo_id`, `create_at`, `pass`) VALUES ('42', 'Jett', 'Lueilwitz', 'kory.jerde@example.com', '(305)317-1452x273', '1986-08-24', 'qui', 'f', '8', '1998-07-26 20:01:25', '2aa3e4c5500fa4b256a13387e8cdb0dd360b685e');
INSERT INTO `users` (`id`, `firstname`, `lastname`, `email`, `phone`, `birthday`, `hometown`, `gender`, `photo_id`, `create_at`, `pass`) VALUES ('43', 'Brandon', 'Klocko', 'ypredovic@example.net', '+11(5)8796834807', '1980-09-22', 'sequi', 'f', '0', '1997-05-07 21:36:56', 'f8abcb0d9b7f48d158da3227d73402a5442bbf29');
INSERT INTO `users` (`id`, `firstname`, `lastname`, `email`, `phone`, `birthday`, `hometown`, `gender`, `photo_id`, `create_at`, `pass`) VALUES ('44', 'Cullen', 'Windler', 'cayla81@example.com', '667-403-7074', '2018-05-21', 'quo', 'f', '5', '1981-04-23 04:31:41', '9fbe7dc556b1759ebd883ee571faf85439130f84');
INSERT INTO `users` (`id`, `firstname`, `lastname`, `email`, `phone`, `birthday`, `hometown`, `gender`, `photo_id`, `create_at`, `pass`) VALUES ('45', 'Catharine', 'Bechtelar', 'theresia.kris@example.com', '645-719-2699', '2009-05-21', 'natus', 'm', '4', '2016-07-13 09:41:18', 'd82842448e320cbeaa7213879518560a599534cc');
INSERT INTO `users` (`id`, `firstname`, `lastname`, `email`, `phone`, `birthday`, `hometown`, `gender`, `photo_id`, `create_at`, `pass`) VALUES ('46', 'Lura', 'Streich', 'deven.armstrong@example.org', '+26(5)9830971934', '1996-01-24', 'officia', 'f', '9', '1981-11-22 19:13:21', 'dd1aabcf87c6f0416032d90ea633529741b2c893');
INSERT INTO `users` (`id`, `firstname`, `lastname`, `email`, `phone`, `birthday`, `hometown`, `gender`, `photo_id`, `create_at`, `pass`) VALUES ('47', 'Mayra', 'West', 'yschaden@example.net', '105-644-2115x6060', '1991-04-28', 'qui', 'm', '0', '2000-07-28 11:43:48', '3a8277bccb35dc820297fdeb79a683b9c6c2cfdf');
INSERT INTO `users` (`id`, `firstname`, `lastname`, `email`, `phone`, `birthday`, `hometown`, `gender`, `photo_id`, `create_at`, `pass`) VALUES ('48', 'Herta', 'Moen', 'liliane52@example.com', '(141)493-8596x1681', '2005-08-18', 'et', 'm', '7', '1978-02-15 01:34:53', '731a53ab9a6c587f0f10a1935948c347f8b04da6');
INSERT INTO `users` (`id`, `firstname`, `lastname`, `email`, `phone`, `birthday`, `hometown`, `gender`, `photo_id`, `create_at`, `pass`) VALUES ('49', 'Jarret', 'Schuster', 'julianne48@example.com', '+16(3)2358053187', '1975-08-08', 'possimus', 'f', '6', '1992-04-26 01:05:27', '220e61960c7135159ea7ddf6c868f7311666bda8');
INSERT INTO `users` (`id`, `firstname`, `lastname`, `email`, `phone`, `birthday`, `hometown`, `gender`, `photo_id`, `create_at`, `pass`) VALUES ('50', 'Elvera', 'Hamill', 'rgrimes@example.net', '1-962-825-8637x920', '2004-02-07', 'qui', 'f', '0', '1974-01-11 00:24:13', '1c199657aca9090bdcb0f722b65d1d622b9bea0e');
INSERT INTO `users` (`id`, `firstname`, `lastname`, `email`, `phone`, `birthday`, `hometown`, `gender`, `photo_id`, `create_at`, `pass`) VALUES ('51', 'Martine', 'Franecki', 'clowe@example.net', '727.776.6278', '2004-06-12', 'ea', 'f', '6', '1975-12-16 05:00:39', 'eea97c62a5c30f98c98ca94cf535b9c0f5a1bf63');
INSERT INTO `users` (`id`, `firstname`, `lastname`, `email`, `phone`, `birthday`, `hometown`, `gender`, `photo_id`, `create_at`, `pass`) VALUES ('52', 'Benedict', 'O\'Keefe', 'shea86@example.com', '1-661-018-2109x9114', '1972-05-19', 'et', 'f', '3', '1984-06-01 11:29:00', '3e7951c7635ee7b97cb662a246273eb13b1c7a54');
INSERT INTO `users` (`id`, `firstname`, `lastname`, `email`, `phone`, `birthday`, `hometown`, `gender`, `photo_id`, `create_at`, `pass`) VALUES ('53', 'Eladio', 'Hauck', 'mayert.camila@example.org', '824-307-8913', '1980-03-31', 'voluptate', 'f', '5', '1987-01-26 15:12:13', '6f5cceb3703f160174b0a4d74acf84feef3c5646');
INSERT INTO `users` (`id`, `firstname`, `lastname`, `email`, `phone`, `birthday`, `hometown`, `gender`, `photo_id`, `create_at`, `pass`) VALUES ('54', 'Hilda', 'Okuneva', 'desiree74@example.net', '543-835-8155x983', '1984-01-17', 'veniam', 'm', '5', '2018-01-07 20:09:51', '50f69b26fe10202150524c2a7f4f14acdb85154b');
INSERT INTO `users` (`id`, `firstname`, `lastname`, `email`, `phone`, `birthday`, `hometown`, `gender`, `photo_id`, `create_at`, `pass`) VALUES ('55', 'Kaylee', 'Krajcik', 'rosalinda68@example.org', '03101011031', '2006-03-08', 'possimus', 'f', '4', '1998-03-03 00:57:59', '4afb0d7d439c94b5880d48cd294c1abb3f5ca893');
INSERT INTO `users` (`id`, `firstname`, `lastname`, `email`, `phone`, `birthday`, `hometown`, `gender`, `photo_id`, `create_at`, `pass`) VALUES ('56', 'Electa', 'Langworth', 'ruby80@example.org', '480.727.4804x417', '1994-07-23', 'esse', 'f', '3', '2011-05-08 01:34:24', '70b122c517f568bb454aea75d3b61f97119030fb');
INSERT INTO `users` (`id`, `firstname`, `lastname`, `email`, `phone`, `birthday`, `hometown`, `gender`, `photo_id`, `create_at`, `pass`) VALUES ('57', 'Penelope', 'Abernathy', 'jacklyn.graham@example.com', '793-109-4580x627', '2005-07-06', 'et', 'f', '8', '2011-07-26 17:51:53', 'a9288843b3e6eed76eecfe220ea485bacd5117f0');
INSERT INTO `users` (`id`, `firstname`, `lastname`, `email`, `phone`, `birthday`, `hometown`, `gender`, `photo_id`, `create_at`, `pass`) VALUES ('58', 'Cara', 'Lehner', 'antonetta43@example.org', '662.925.4081x986', '1983-02-06', 'vel', 'm', '5', '1981-09-14 07:38:19', '7978075c741bb4c53ec85b312acd9698c7a1c5e2');
INSERT INTO `users` (`id`, `firstname`, `lastname`, `email`, `phone`, `birthday`, `hometown`, `gender`, `photo_id`, `create_at`, `pass`) VALUES ('59', 'Mariana', 'Cummings', 'bernier.abdul@example.org', '834.374.7276x71771', '1988-12-21', 'et', 'm', '5', '1980-06-27 06:13:53', '369a77bb31876203a516c263405bccef51073127');
INSERT INTO `users` (`id`, `firstname`, `lastname`, `email`, `phone`, `birthday`, `hometown`, `gender`, `photo_id`, `create_at`, `pass`) VALUES ('60', 'Antonetta', 'Herzog', 'steuber.wilfrid@example.com', '901-139-1451x9016', '2009-10-02', 'explicabo', 'f', '5', '1983-10-16 08:25:33', '741b2388738c7aafc70529de93b4831ecd4988e1');
INSERT INTO `users` (`id`, `firstname`, `lastname`, `email`, `phone`, `birthday`, `hometown`, `gender`, `photo_id`, `create_at`, `pass`) VALUES ('61', 'Brook', 'Koch', 'rbashirian@example.org', '1-045-423-5814', '1985-10-17', 'tenetur', 'm', '1', '2019-12-28 12:56:14', 'e894081152af3d74f067cc25b52252c11c848526');
INSERT INTO `users` (`id`, `firstname`, `lastname`, `email`, `phone`, `birthday`, `hometown`, `gender`, `photo_id`, `create_at`, `pass`) VALUES ('62', 'Karelle', 'Roberts', 'francisco.bechtelar@example.net', '997-915-3063x1871', '1982-08-06', 'sapiente', 'm', '5', '1976-03-30 01:41:22', '9d32cf6c493975e3526d4e4fc90d057b2a3f9d88');
INSERT INTO `users` (`id`, `firstname`, `lastname`, `email`, `phone`, `birthday`, `hometown`, `gender`, `photo_id`, `create_at`, `pass`) VALUES ('63', 'Ray', 'Aufderhar', 'kunde.jarrod@example.com', '+31(9)4422028530', '2008-07-19', 'dolor', 'm', '4', '2014-09-01 13:03:05', 'd0f0d9a5e4ee9203788ce2da5d531f1fdfcf4c00');
INSERT INTO `users` (`id`, `firstname`, `lastname`, `email`, `phone`, `birthday`, `hometown`, `gender`, `photo_id`, `create_at`, `pass`) VALUES ('64', 'Aliza', 'Kris', 'bartell.deanna@example.org', '(498)487-7949x2485', '2012-08-10', 'vero', 'm', '1', '1990-09-28 16:13:48', 'c8cbc95df1e7a3f598e20753d0e8b38d550a58c6');
INSERT INTO `users` (`id`, `firstname`, `lastname`, `email`, `phone`, `birthday`, `hometown`, `gender`, `photo_id`, `create_at`, `pass`) VALUES ('65', 'Stephanie', 'Farrell', 'ilene45@example.com', '(746)777-6719', '2019-05-22', 'consectetur', 'f', '0', '1998-08-05 01:36:32', '5a9b5117ea8be27f80caecdeabe04bd3078697ba');
INSERT INTO `users` (`id`, `firstname`, `lastname`, `email`, `phone`, `birthday`, `hometown`, `gender`, `photo_id`, `create_at`, `pass`) VALUES ('66', 'Breanne', 'Schuppe', 'hagenes.clara@example.net', '1-982-356-2927x9814', '1977-03-26', 'mollitia', 'f', '5', '1980-01-16 17:15:58', 'fab717ff6098e56a703e4b9ca512b6c456d8488e');
INSERT INTO `users` (`id`, `firstname`, `lastname`, `email`, `phone`, `birthday`, `hometown`, `gender`, `photo_id`, `create_at`, `pass`) VALUES ('67', 'Anya', 'Skiles', 'gwisozk@example.net', '437.188.4043x057', '2000-03-18', 'sint', 'm', '8', '2002-11-23 07:12:25', 'eea6fd0edea9c28a933a1de0b58f114ac0e38b4a');
INSERT INTO `users` (`id`, `firstname`, `lastname`, `email`, `phone`, `birthday`, `hometown`, `gender`, `photo_id`, `create_at`, `pass`) VALUES ('68', 'Tad', 'McGlynn', 'fahey.lyla@example.net', '1-819-217-6153x013', '1986-06-13', 'qui', 'm', '9', '1979-01-01 10:36:32', 'd84e849717f462fb546cef8bcfe795f543699855');
INSERT INTO `users` (`id`, `firstname`, `lastname`, `email`, `phone`, `birthday`, `hometown`, `gender`, `photo_id`, `create_at`, `pass`) VALUES ('69', 'Alexa', 'Yost', 'braden92@example.org', '358-892-9886', '2014-01-01', 'voluptatem', 'f', '9', '2013-09-29 17:11:05', '5d19c6a8dcde3b95a6237d5152c8401206e45f93');
INSERT INTO `users` (`id`, `firstname`, `lastname`, `email`, `phone`, `birthday`, `hometown`, `gender`, `photo_id`, `create_at`, `pass`) VALUES ('70', 'Weston', 'Harber', 'flakin@example.org', '707-447-4498x149', '2002-01-16', 'voluptatem', 'f', '7', '1996-07-07 05:15:17', 'b84d9996518b2dee8e0a3575fb3ecca1bac0bbc4');
INSERT INTO `users` (`id`, `firstname`, `lastname`, `email`, `phone`, `birthday`, `hometown`, `gender`, `photo_id`, `create_at`, `pass`) VALUES ('71', 'Nadia', 'Hodkiewicz', 'marlin96@example.net', '891-414-8544x857', '2006-01-12', 'qui', 'f', '8', '1985-07-18 19:54:32', '5c6e0b8260e586a21c208aa4c9e1f411e30d9a50');
INSERT INTO `users` (`id`, `firstname`, `lastname`, `email`, `phone`, `birthday`, `hometown`, `gender`, `photo_id`, `create_at`, `pass`) VALUES ('72', 'Benjamin', 'Schuppe', 'reichel.jarvis@example.net', '475.498.1659', '1977-01-02', 'repellat', 'm', '8', '2017-06-06 23:12:18', 'd2451b1e28092943aa259802cd6089a23b08a5c8');
INSERT INTO `users` (`id`, `firstname`, `lastname`, `email`, `phone`, `birthday`, `hometown`, `gender`, `photo_id`, `create_at`, `pass`) VALUES ('73', 'Gerhard', 'Greenholt', 'melba91@example.com', '(760)639-1283x152', '1988-05-20', 'voluptatum', 'm', '0', '1992-11-15 18:04:15', '4073d2616a196dbbfe9c2f3ad202783c0e63651c');
INSERT INTO `users` (`id`, `firstname`, `lastname`, `email`, `phone`, `birthday`, `hometown`, `gender`, `photo_id`, `create_at`, `pass`) VALUES ('74', 'Annabel', 'Bashirian', 'fdaugherty@example.net', '866.178.4778', '1977-02-13', 'doloremque', 'm', '2', '2015-05-15 17:32:36', '3daf997f257c06165627b5296f3b2ee545975a8f');
INSERT INTO `users` (`id`, `firstname`, `lastname`, `email`, `phone`, `birthday`, `hometown`, `gender`, `photo_id`, `create_at`, `pass`) VALUES ('75', 'Jocelyn', 'Conn', 'curt.thiel@example.org', '1-788-160-0664', '1991-03-15', 'culpa', 'm', '3', '1983-08-12 03:05:12', 'b605965ef50a9e7adf3ac224d1c52a12f252be2d');
INSERT INTO `users` (`id`, `firstname`, `lastname`, `email`, `phone`, `birthday`, `hometown`, `gender`, `photo_id`, `create_at`, `pass`) VALUES ('76', 'Delilah', 'Harber', 'maximo.stamm@example.org', '(766)691-5643x70247', '2010-06-12', 'aut', 'm', '9', '1984-03-03 06:18:25', 'a8904aebfbf86242f53e4c0d8b9a8a6db83809a9');
INSERT INTO `users` (`id`, `firstname`, `lastname`, `email`, `phone`, `birthday`, `hometown`, `gender`, `photo_id`, `create_at`, `pass`) VALUES ('77', 'Kip', 'Muller', 'ywaelchi@example.net', '1-801-927-4201', '1997-03-04', 'vel', 'm', '7', '1981-04-30 09:15:17', '64c3f10f05453f99472d64170c38f12520d3fc21');
INSERT INTO `users` (`id`, `firstname`, `lastname`, `email`, `phone`, `birthday`, `hometown`, `gender`, `photo_id`, `create_at`, `pass`) VALUES ('78', 'Deondre', 'Kling', 'trycia.adams@example.net', '1-999-570-8844x46148', '1982-11-04', 'adipisci', 'f', '8', '1989-02-05 14:08:51', '48f97cee71aedda78489af944449d6e3f9101673');
INSERT INTO `users` (`id`, `firstname`, `lastname`, `email`, `phone`, `birthday`, `hometown`, `gender`, `photo_id`, `create_at`, `pass`) VALUES ('79', 'Annetta', 'Barrows', 'stanford.jacobson@example.net', '937.015.4879x4166', '2004-03-20', 'officia', 'm', '2', '2010-06-14 05:01:59', 'bf6c4d5e426d84fe84e2926c2a8976918dd66ca7');
INSERT INTO `users` (`id`, `firstname`, `lastname`, `email`, `phone`, `birthday`, `hometown`, `gender`, `photo_id`, `create_at`, `pass`) VALUES ('80', 'Sheldon', 'Reynolds', 'kshlerin.prince@example.com', '236-837-7334', '2010-11-05', 'sunt', 'f', '6', '1998-07-13 13:13:29', '5c96ee0aae34cb1efd95c0cba0c6a65c1d9b1dda');
INSERT INTO `users` (`id`, `firstname`, `lastname`, `email`, `phone`, `birthday`, `hometown`, `gender`, `photo_id`, `create_at`, `pass`) VALUES ('81', 'Sim', 'Bahringer', 'dblanda@example.net', '1-529-463-0538x27888', '2020-05-15', 'et', 'm', '8', '1977-10-12 04:50:56', '3f7c52c824a285a95de66a8dc9cd51f6747e18e9');
INSERT INTO `users` (`id`, `firstname`, `lastname`, `email`, `phone`, `birthday`, `hometown`, `gender`, `photo_id`, `create_at`, `pass`) VALUES ('82', 'Ottilie', 'Corwin', 'mohamed.heller@example.com', '242.369.4660', '1987-09-19', 'et', 'm', '3', '1978-11-23 04:19:40', '847928be3a9a4f76fb19e2e15a8c2a840a226caa');
INSERT INTO `users` (`id`, `firstname`, `lastname`, `email`, `phone`, `birthday`, `hometown`, `gender`, `photo_id`, `create_at`, `pass`) VALUES ('83', 'Hunter', 'Altenwerth', 'rod.larkin@example.org', '1-334-826-0519x78604', '2017-05-20', 'quia', 'm', '4', '1973-08-10 08:31:57', 'ae1068a9c38197645e62c1e05f9fe31c194e2a52');
INSERT INTO `users` (`id`, `firstname`, `lastname`, `email`, `phone`, `birthday`, `hometown`, `gender`, `photo_id`, `create_at`, `pass`) VALUES ('84', 'Alexandrine', 'Strosin', 'walker.kristofer@example.com', '1-839-614-8113x257', '2005-03-04', 'ab', 'm', '8', '2014-03-05 16:17:23', 'd19a5795b25d879ae878f53df61e7616b8c5f637');
INSERT INTO `users` (`id`, `firstname`, `lastname`, `email`, `phone`, `birthday`, `hometown`, `gender`, `photo_id`, `create_at`, `pass`) VALUES ('85', 'Nikko', 'Lesch', 'yoshiko.rippin@example.org', '(837)293-1860x1304', '1980-03-21', 'dolorum', 'f', '6', '1971-02-15 08:13:06', '8143c411c4cd742b608f5b2fe24311aebe16c6a9');
INSERT INTO `users` (`id`, `firstname`, `lastname`, `email`, `phone`, `birthday`, `hometown`, `gender`, `photo_id`, `create_at`, `pass`) VALUES ('86', 'Lynn', 'Considine', 'preinger@example.org', '527.388.1531x478', '2019-02-23', 'quia', 'm', '7', '2019-09-13 10:50:07', '82c71479cb8110804228b7b007071ef29e16c81b');
INSERT INTO `users` (`id`, `firstname`, `lastname`, `email`, `phone`, `birthday`, `hometown`, `gender`, `photo_id`, `create_at`, `pass`) VALUES ('87', 'Leda', 'Breitenberg', 'dgislason@example.org', '+09(7)8605168307', '2017-04-28', 'accusantium', 'm', '8', '1991-01-26 14:51:35', 'f4a4e3646a34ae1470272a5627f5713ee985eb62');
INSERT INTO `users` (`id`, `firstname`, `lastname`, `email`, `phone`, `birthday`, `hometown`, `gender`, `photo_id`, `create_at`, `pass`) VALUES ('88', 'Magdalena', 'Emard', 'crona.mabelle@example.org', '1-496-597-1249x47187', '1996-07-07', 'amet', 'm', '1', '1980-03-28 10:49:39', '4455c7a626f2dcb9ab5b3d859002da3fdaf771ea');
INSERT INTO `users` (`id`, `firstname`, `lastname`, `email`, `phone`, `birthday`, `hometown`, `gender`, `photo_id`, `create_at`, `pass`) VALUES ('89', 'Brent', 'Schuster', 'kuhn.eleonore@example.com', '342-248-3242x22611', '2013-03-03', 'ut', 'f', '0', '2006-07-09 08:42:23', '3318c198ba11cf9929af32e0a75f73c3570487f3');
INSERT INTO `users` (`id`, `firstname`, `lastname`, `email`, `phone`, `birthday`, `hometown`, `gender`, `photo_id`, `create_at`, `pass`) VALUES ('90', 'Kelly', 'Gorczany', 'collier.ciara@example.net', '(302)522-6426x5619', '2011-04-13', 'impedit', 'm', '2', '2018-01-15 08:20:29', 'c79aab8974d1a24b2d040452f95369aca6c767cd');
INSERT INTO `users` (`id`, `firstname`, `lastname`, `email`, `phone`, `birthday`, `hometown`, `gender`, `photo_id`, `create_at`, `pass`) VALUES ('91', 'Idell', 'Stracke', 'asha.cummerata@example.com', '(955)814-9488', '1994-07-10', 'consequatur', 'f', '6', '1995-03-04 13:43:19', '609887150a38b3e0ccd81fb346e3fa92ecaa8779');
INSERT INTO `users` (`id`, `firstname`, `lastname`, `email`, `phone`, `birthday`, `hometown`, `gender`, `photo_id`, `create_at`, `pass`) VALUES ('92', 'Ernestine', 'Beier', 'katelynn77@example.net', '996.474.7933', '1991-12-13', 'rerum', 'm', '2', '2006-03-04 23:08:07', '797abf7bb8001a09a709f343127252df686732e4');
INSERT INTO `users` (`id`, `firstname`, `lastname`, `email`, `phone`, `birthday`, `hometown`, `gender`, `photo_id`, `create_at`, `pass`) VALUES ('93', 'Euna', 'Krajcik', 'mkreiger@example.org', '1-960-861-9194', '2005-08-14', 'laudantium', 'm', '5', '2012-06-27 13:24:09', '28b2ee0134d1e6447921a3aa497a2765388630ee');
INSERT INTO `users` (`id`, `firstname`, `lastname`, `email`, `phone`, `birthday`, `hometown`, `gender`, `photo_id`, `create_at`, `pass`) VALUES ('94', 'Ara', 'Shanahan', 'hammes.zion@example.com', '1-491-552-6085x095', '1995-06-01', 'voluptatum', 'm', '0', '1971-01-18 09:22:31', 'c1e346c5fb8ed5cc341067d55ab69d48fcc80fcd');
INSERT INTO `users` (`id`, `firstname`, `lastname`, `email`, `phone`, `birthday`, `hometown`, `gender`, `photo_id`, `create_at`, `pass`) VALUES ('95', 'Ollie', 'Homenick', 'noemi.mante@example.com', '05189165124', '1996-11-28', 'ut', 'm', '1', '2010-07-19 13:54:40', '9e7417c861203ca34e3eab1cfbac6c174326ba6e');
INSERT INTO `users` (`id`, `firstname`, `lastname`, `email`, `phone`, `birthday`, `hometown`, `gender`, `photo_id`, `create_at`, `pass`) VALUES ('96', 'Holly', 'Goldner', 'milo37@example.net', '(113)777-1633x270', '2005-07-31', 'et', 'm', '5', '1972-12-06 09:39:09', '2a95404521fe28cf03e390ca0834b6b14e7bf101');
INSERT INTO `users` (`id`, `firstname`, `lastname`, `email`, `phone`, `birthday`, `hometown`, `gender`, `photo_id`, `create_at`, `pass`) VALUES ('97', 'Herman', 'Kreiger', 'briana12@example.com', '494-166-0019x982', '2009-07-23', 'blanditiis', 'f', '2', '2011-07-12 19:50:10', '1f3b76de98bf0080dae093fb25472e4f10b348d2');
INSERT INTO `users` (`id`, `firstname`, `lastname`, `email`, `phone`, `birthday`, `hometown`, `gender`, `photo_id`, `create_at`, `pass`) VALUES ('98', 'Brice', 'Johnston', 'dleuschke@example.org', '056.523.7085', '1981-11-20', 'voluptas', 'm', '6', '1993-01-07 04:22:51', 'c62e60a53f97ae52504167230111dc1e0fe2e7ba');
INSERT INTO `users` (`id`, `firstname`, `lastname`, `email`, `phone`, `birthday`, `hometown`, `gender`, `photo_id`, `create_at`, `pass`) VALUES ('99', 'Enid', 'Reinger', 'klocko.levi@example.net', '(008)527-7663', '2018-08-04', 'enim', 'm', '9', '1995-03-31 07:08:43', 'ef81c075c72371295e06aeb3ee3c0a3ff5ca6a79');
INSERT INTO `users` (`id`, `firstname`, `lastname`, `email`, `phone`, `birthday`, `hometown`, `gender`, `photo_id`, `create_at`, `pass`) VALUES ('100', 'Elvie', 'Koch', 'grimes.abner@example.org', '(737)964-1798', '2014-01-31', 'doloribus', 'm', '2', '1973-09-14 12:11:59', 'b4e908a4928bbf0b543d69ddf4c33f1b8806dea6');


#
# TABLE STRUCTURE FOR: user_likes
#

CREATE TABLE `user_likes` (
  `from_user_id` bigint(20) unsigned NOT NULL,
  `to_user_id` bigint(20) unsigned NOT NULL,
  PRIMARY KEY (`from_user_id`,`to_user_id`),
  KEY `to_user_id` (`to_user_id`),
  CONSTRAINT `user_likes_ibfk_1` FOREIGN KEY (`from_user_id`) REFERENCES `users` (`id`),
  CONSTRAINT `user_likes_ibfk_2` FOREIGN KEY (`to_user_id`) REFERENCES `users` (`id`)
) ENGINE=InnoDB DEFAULT CHARSET=utf8 COLLATE=utf8_unicode_ci;

INSERT INTO `user_likes` (`from_user_id`, `to_user_id`) VALUES ('3', '51');
INSERT INTO `user_likes` (`from_user_id`, `to_user_id`) VALUES ('4', '71');
INSERT INTO `user_likes` (`from_user_id`, `to_user_id`) VALUES ('5', '41');
INSERT INTO `user_likes` (`from_user_id`, `to_user_id`) VALUES ('6', '24');
INSERT INTO `user_likes` (`from_user_id`, `to_user_id`) VALUES ('6', '71');
INSERT INTO `user_likes` (`from_user_id`, `to_user_id`) VALUES ('7', '86');
INSERT INTO `user_likes` (`from_user_id`, `to_user_id`) VALUES ('8', '91');
INSERT INTO `user_likes` (`from_user_id`, `to_user_id`) VALUES ('10', '54');
INSERT INTO `user_likes` (`from_user_id`, `to_user_id`) VALUES ('12', '87');
INSERT INTO `user_likes` (`from_user_id`, `to_user_id`) VALUES ('18', '27');
INSERT INTO `user_likes` (`from_user_id`, `to_user_id`) VALUES ('22', '66');
INSERT INTO `user_likes` (`from_user_id`, `to_user_id`) VALUES ('23', '38');
INSERT INTO `user_likes` (`from_user_id`, `to_user_id`) VALUES ('28', '56');
INSERT INTO `user_likes` (`from_user_id`, `to_user_id`) VALUES ('28', '92');
INSERT INTO `user_likes` (`from_user_id`, `to_user_id`) VALUES ('33', '3');
INSERT INTO `user_likes` (`from_user_id`, `to_user_id`) VALUES ('36', '58');
INSERT INTO `user_likes` (`from_user_id`, `to_user_id`) VALUES ('39', '63');
INSERT INTO `user_likes` (`from_user_id`, `to_user_id`) VALUES ('44', '15');
INSERT INTO `user_likes` (`from_user_id`, `to_user_id`) VALUES ('46', '82');
INSERT INTO `user_likes` (`from_user_id`, `to_user_id`) VALUES ('54', '45');
INSERT INTO `user_likes` (`from_user_id`, `to_user_id`) VALUES ('61', '38');
INSERT INTO `user_likes` (`from_user_id`, `to_user_id`) VALUES ('63', '31');
INSERT INTO `user_likes` (`from_user_id`, `to_user_id`) VALUES ('69', '19');
INSERT INTO `user_likes` (`from_user_id`, `to_user_id`) VALUES ('69', '47');
INSERT INTO `user_likes` (`from_user_id`, `to_user_id`) VALUES ('69', '91');
INSERT INTO `user_likes` (`from_user_id`, `to_user_id`) VALUES ('71', '10');
INSERT INTO `user_likes` (`from_user_id`, `to_user_id`) VALUES ('81', '64');
INSERT INTO `user_likes` (`from_user_id`, `to_user_id`) VALUES ('82', '50');
INSERT INTO `user_likes` (`from_user_id`, `to_user_id`) VALUES ('87', '58');
INSERT INTO `user_likes` (`from_user_id`, `to_user_id`) VALUES ('93', '71');
INSERT INTO `user_likes` (`from_user_id`, `to_user_id`) VALUES ('96', '60');
INSERT INTO `user_likes` (`from_user_id`, `to_user_id`) VALUES ('97', '41');
INSERT INTO `user_likes` (`from_user_id`, `to_user_id`) VALUES ('100', '91');


#
# TABLE STRUCTURE FOR: messages
#

CREATE TABLE `messages` (
  `id` bigint(20) unsigned NOT NULL AUTO_INCREMENT,
  `from_user_id` bigint(20) unsigned NOT NULL,
  `to_user_id` bigint(20) unsigned NOT NULL,
  `message` text COLLATE utf8_unicode_ci DEFAULT NULL,
  `is_read` tinyint(1) DEFAULT 0,
  `create_at` datetime DEFAULT current_timestamp(),
  PRIMARY KEY (`id`),
  KEY `from_user_id` (`from_user_id`),
  KEY `to_user_id` (`to_user_id`),
  CONSTRAINT `messages_ibfk_1` FOREIGN KEY (`from_user_id`) REFERENCES `users` (`id`),
  CONSTRAINT `messages_ibfk_2` FOREIGN KEY (`to_user_id`) REFERENCES `users` (`id`)
) ENGINE=InnoDB AUTO_INCREMENT=11 DEFAULT CHARSET=utf8 COLLATE=utf8_unicode_ci;

INSERT INTO `messages` (`id`, `from_user_id`, `to_user_id`, `message`, `is_read`, `create_at`) VALUES ('1', '79', '93', 'Sunt voluptatem qui repellendus impedit eos reiciendis voluptas. Voluptatem iste est ut veritatis sed corporis. Rerum et culpa eum ab. Voluptates magnam dolorum laudantium est error animi nihil.', 0, '1970-02-14 13:20:19');
INSERT INTO `messages` (`id`, `from_user_id`, `to_user_id`, `message`, `is_read`, `create_at`) VALUES ('2', '49', '3', 'Mollitia consectetur eligendi aut sunt commodi fugit ducimus laudantium. Minus provident neque saepe enim est est. Ipsa illo consequatur et voluptas excepturi voluptate.', 0, '2013-07-09 12:22:24');
INSERT INTO `messages` (`id`, `from_user_id`, `to_user_id`, `message`, `is_read`, `create_at`) VALUES ('3', '61', '41', 'Omnis dolor voluptas aut dicta. Praesentium sit ab maxime animi similique quo dolores quo. Dolorum est qui facilis ipsum. Cumque aut omnis quae et laudantium et ipsa.', 1, '2019-04-09 06:25:02');
INSERT INTO `messages` (`id`, `from_user_id`, `to_user_id`, `message`, `is_read`, `create_at`) VALUES ('4', '24', '93', 'Perspiciatis vero voluptatum numquam ipsam doloremque. Tempora tempore id eligendi sequi animi nemo. Illo dolor aperiam iusto dolor possimus minus.', 1, '2012-12-18 03:42:00');
INSERT INTO `messages` (`id`, `from_user_id`, `to_user_id`, `message`, `is_read`, `create_at`) VALUES ('5', '87', '2', 'Labore tempora nisi illo soluta incidunt quia quo. Ut ad omnis exercitationem voluptatem similique.', 0, '1982-07-29 23:02:06');
INSERT INTO `messages` (`id`, `from_user_id`, `to_user_id`, `message`, `is_read`, `create_at`) VALUES ('6', '18', '40', 'Neque dolores molestiae sunt. Dignissimos laudantium autem dolorem consequatur officiis eum. Atque aspernatur et magnam iure reiciendis quae qui.', 1, '1995-08-02 02:26:19');
INSERT INTO `messages` (`id`, `from_user_id`, `to_user_id`, `message`, `is_read`, `create_at`) VALUES ('7', '56', '8', 'Ratione et voluptas velit quia laboriosam ducimus enim. Explicabo qui et quo labore sunt exercitationem saepe. Labore sit et distinctio animi. Velit beatae ut tempore aut rem minima aut accusantium.', 1, '2011-08-27 12:51:17');
INSERT INTO `messages` (`id`, `from_user_id`, `to_user_id`, `message`, `is_read`, `create_at`) VALUES ('8', '92', '76', 'Non officia quas omnis eum. Velit atque sed adipisci assumenda reprehenderit itaque. Nemo et eveniet nisi eligendi veritatis.', 1, '1985-09-24 20:16:20');
INSERT INTO `messages` (`id`, `from_user_id`, `to_user_id`, `message`, `is_read`, `create_at`) VALUES ('9', '15', '30', 'Praesentium quia natus inventore distinctio est autem. Pariatur magnam sed ut. Excepturi dolorum excepturi adipisci ea accusamus modi quae possimus.', 0, '1971-08-15 14:33:36');
INSERT INTO `messages` (`id`, `from_user_id`, `to_user_id`, `message`, `is_read`, `create_at`) VALUES ('10', '68', '27', 'Eveniet velit laudantium aut molestias. Aut et repellendus ad laudantium explicabo qui dolorem ut. Quo et aut officiis repudiandae quasi voluptatibus.', 0, '2006-01-11 12:55:32');

#
# TABLE STRUCTURE FOR: friend_requests
#

CREATE TABLE `friend_requests` (
  `initiator_user_id` bigint(20) unsigned NOT NULL,
  `target_user_id` bigint(20) unsigned NOT NULL,
  `status` enum('requested','approved','unfriended','declined') COLLATE utf8_unicode_ci DEFAULT NULL,
  `requested_at` datetime DEFAULT current_timestamp(),
  `confirmed_at` datetime DEFAULT current_timestamp() ON UPDATE current_timestamp(),
  PRIMARY KEY (`initiator_user_id`,`target_user_id`),
  KEY `initiator_user_id` (`initiator_user_id`),
  KEY `target_user_id` (`target_user_id`),
  CONSTRAINT `friend_requests_ibfk_1` FOREIGN KEY (`initiator_user_id`) REFERENCES `users` (`id`),
  CONSTRAINT `friend_requests_ibfk_2` FOREIGN KEY (`target_user_id`) REFERENCES `users` (`id`)
) ENGINE=InnoDB DEFAULT CHARSET=utf8 COLLATE=utf8_unicode_ci;

INSERT INTO `friend_requests` (`initiator_user_id`, `target_user_id`, `status`, `requested_at`, `confirmed_at`) VALUES ('1', '3', 'approved', '2012-07-10 22:39:40', '2003-06-24 03:58:39');
INSERT INTO `friend_requests` (`initiator_user_id`, `target_user_id`, `status`, `requested_at`, `confirmed_at`) VALUES ('5', '12', 'declined', '1988-10-03 09:39:06', '2011-05-03 17:03:19');
INSERT INTO `friend_requests` (`initiator_user_id`, `target_user_id`, `status`, `requested_at`, `confirmed_at`) VALUES ('5', '99', 'unfriended', '1995-04-01 05:51:13', '1988-08-02 21:30:17');
INSERT INTO `friend_requests` (`initiator_user_id`, `target_user_id`, `status`, `requested_at`, `confirmed_at`) VALUES ('7', '91', 'declined', '1995-09-18 16:38:16', '1979-05-09 09:30:52');
INSERT INTO `friend_requests` (`initiator_user_id`, `target_user_id`, `status`, `requested_at`, `confirmed_at`) VALUES ('9', '5', 'declined', '2011-12-17 13:48:21', '2010-12-14 08:37:12');
INSERT INTO `friend_requests` (`initiator_user_id`, `target_user_id`, `status`, `requested_at`, `confirmed_at`) VALUES ('13', '24', 'unfriended', '1973-11-21 03:12:22', '1974-11-08 18:28:29');
INSERT INTO `friend_requests` (`initiator_user_id`, `target_user_id`, `status`, `requested_at`, `confirmed_at`) VALUES ('13', '89', 'approved', '1993-02-04 03:21:21', '2000-03-18 17:25:38');
INSERT INTO `friend_requests` (`initiator_user_id`, `target_user_id`, `status`, `requested_at`, `confirmed_at`) VALUES ('14', '58', 'requested', '1991-02-05 12:02:16', '1987-09-19 16:46:31');
INSERT INTO `friend_requests` (`initiator_user_id`, `target_user_id`, `status`, `requested_at`, `confirmed_at`) VALUES ('14', '69', 'requested', '1971-11-08 02:53:19', '1996-08-24 19:52:32');
INSERT INTO `friend_requests` (`initiator_user_id`, `target_user_id`, `status`, `requested_at`, `confirmed_at`) VALUES ('20', '24', 'requested', '2004-02-06 07:07:56', '1995-03-29 13:06:42');
INSERT INTO `friend_requests` (`initiator_user_id`, `target_user_id`, `status`, `requested_at`, `confirmed_at`) VALUES ('20', '48', 'requested', '1986-07-29 07:04:06', '1976-04-21 05:47:50');
INSERT INTO `friend_requests` (`initiator_user_id`, `target_user_id`, `status`, `requested_at`, `confirmed_at`) VALUES ('21', '26', 'requested', '2020-03-28 07:22:30', '1985-08-10 16:55:39');
INSERT INTO `friend_requests` (`initiator_user_id`, `target_user_id`, `status`, `requested_at`, `confirmed_at`) VALUES ('21', '65', 'approved', '1991-01-01 23:01:12', '1993-06-13 03:09:26');
INSERT INTO `friend_requests` (`initiator_user_id`, `target_user_id`, `status`, `requested_at`, `confirmed_at`) VALUES ('24', '14', 'requested', '1982-03-18 11:26:59', '2020-01-16 07:53:42');
INSERT INTO `friend_requests` (`initiator_user_id`, `target_user_id`, `status`, `requested_at`, `confirmed_at`) VALUES ('24', '97', 'unfriended', '1995-10-01 14:38:50', '1971-06-16 12:44:12');
INSERT INTO `friend_requests` (`initiator_user_id`, `target_user_id`, `status`, `requested_at`, `confirmed_at`) VALUES ('25', '98', 'requested', '2007-01-27 10:32:40', '2018-04-22 20:21:13');
INSERT INTO `friend_requests` (`initiator_user_id`, `target_user_id`, `status`, `requested_at`, `confirmed_at`) VALUES ('26', '16', 'approved', '2000-10-02 11:40:13', '1984-03-29 22:16:35');
INSERT INTO `friend_requests` (`initiator_user_id`, `target_user_id`, `status`, `requested_at`, `confirmed_at`) VALUES ('26', '42', 'requested', '1974-03-26 00:40:06', '2003-04-11 04:06:46');
INSERT INTO `friend_requests` (`initiator_user_id`, `target_user_id`, `status`, `requested_at`, `confirmed_at`) VALUES ('28', '44', 'unfriended', '1987-02-19 21:30:30', '1992-07-25 08:15:41');
INSERT INTO `friend_requests` (`initiator_user_id`, `target_user_id`, `status`, `requested_at`, `confirmed_at`) VALUES ('33', '44', 'approved', '1973-10-29 11:04:53', '2012-09-11 22:25:33');
INSERT INTO `friend_requests` (`initiator_user_id`, `target_user_id`, `status`, `requested_at`, `confirmed_at`) VALUES ('34', '69', 'approved', '1979-12-31 05:29:27', '1973-11-27 13:49:25');
INSERT INTO `friend_requests` (`initiator_user_id`, `target_user_id`, `status`, `requested_at`, `confirmed_at`) VALUES ('37', '70', 'approved', '2015-07-28 22:58:10', '2013-10-20 17:23:29');
INSERT INTO `friend_requests` (`initiator_user_id`, `target_user_id`, `status`, `requested_at`, `confirmed_at`) VALUES ('46', '13', 'approved', '1999-10-10 06:00:08', '2004-05-21 00:06:56');
INSERT INTO `friend_requests` (`initiator_user_id`, `target_user_id`, `status`, `requested_at`, `confirmed_at`) VALUES ('49', '23', 'approved', '1990-08-23 12:29:59', '2010-08-23 05:27:31');
INSERT INTO `friend_requests` (`initiator_user_id`, `target_user_id`, `status`, `requested_at`, `confirmed_at`) VALUES ('51', '93', 'unfriended', '1990-11-29 08:23:30', '1978-02-18 05:29:22');
INSERT INTO `friend_requests` (`initiator_user_id`, `target_user_id`, `status`, `requested_at`, `confirmed_at`) VALUES ('54', '2', 'approved', '2002-08-18 07:02:55', '1992-05-07 20:57:22');
INSERT INTO `friend_requests` (`initiator_user_id`, `target_user_id`, `status`, `requested_at`, `confirmed_at`) VALUES ('54', '62', 'approved', '2012-09-26 06:34:12', '1977-09-08 12:06:53');
INSERT INTO `friend_requests` (`initiator_user_id`, `target_user_id`, `status`, `requested_at`, `confirmed_at`) VALUES ('58', '37', 'approved', '1998-04-23 09:27:00', '2014-08-23 07:55:23');
INSERT INTO `friend_requests` (`initiator_user_id`, `target_user_id`, `status`, `requested_at`, `confirmed_at`) VALUES ('61', '56', 'requested', '2000-10-19 13:47:19', '1980-06-22 01:40:33');
INSERT INTO `friend_requests` (`initiator_user_id`, `target_user_id`, `status`, `requested_at`, `confirmed_at`) VALUES ('63', '33', 'declined', '2004-03-24 09:08:57', '1991-06-17 07:01:58');
INSERT INTO `friend_requests` (`initiator_user_id`, `target_user_id`, `status`, `requested_at`, `confirmed_at`) VALUES ('64', '45', 'approved', '1986-04-20 10:09:51', '2011-06-30 02:06:06');
INSERT INTO `friend_requests` (`initiator_user_id`, `target_user_id`, `status`, `requested_at`, `confirmed_at`) VALUES ('66', '73', 'requested', '2011-06-17 16:46:51', '2020-05-03 06:48:25');
INSERT INTO `friend_requests` (`initiator_user_id`, `target_user_id`, `status`, `requested_at`, `confirmed_at`) VALUES ('68', '1', 'requested', '2009-11-29 18:12:33', '2010-03-28 03:42:36');
INSERT INTO `friend_requests` (`initiator_user_id`, `target_user_id`, `status`, `requested_at`, `confirmed_at`) VALUES ('68', '91', 'approved', '2010-12-27 17:18:25', '1975-04-21 04:57:33');
INSERT INTO `friend_requests` (`initiator_user_id`, `target_user_id`, `status`, `requested_at`, `confirmed_at`) VALUES ('69', '17', 'declined', '1970-05-07 04:09:18', '1983-09-22 07:07:18');
INSERT INTO `friend_requests` (`initiator_user_id`, `target_user_id`, `status`, `requested_at`, `confirmed_at`) VALUES ('74', '89', 'unfriended', '2015-01-16 20:03:07', '2015-04-25 23:23:49');
INSERT INTO `friend_requests` (`initiator_user_id`, `target_user_id`, `status`, `requested_at`, `confirmed_at`) VALUES ('75', '72', 'declined', '1986-01-18 13:19:19', '2016-09-07 23:56:06');
INSERT INTO `friend_requests` (`initiator_user_id`, `target_user_id`, `status`, `requested_at`, `confirmed_at`) VALUES ('81', '1', 'declined', '1992-01-16 03:10:55', '2013-02-27 22:12:42');
INSERT INTO `friend_requests` (`initiator_user_id`, `target_user_id`, `status`, `requested_at`, `confirmed_at`) VALUES ('81', '56', 'requested', '1999-05-04 07:57:21', '2008-03-27 22:31:34');
INSERT INTO `friend_requests` (`initiator_user_id`, `target_user_id`, `status`, `requested_at`, `confirmed_at`) VALUES ('81', '61', 'approved', '1988-07-23 04:38:11', '2014-01-09 02:57:57');
INSERT INTO `friend_requests` (`initiator_user_id`, `target_user_id`, `status`, `requested_at`, `confirmed_at`) VALUES ('82', '94', 'declined', '1989-02-11 13:02:13', '2003-09-07 03:59:29');
INSERT INTO `friend_requests` (`initiator_user_id`, `target_user_id`, `status`, `requested_at`, `confirmed_at`) VALUES ('85', '9', 'requested', '1993-03-20 17:41:12', '1974-09-19 10:42:02');
INSERT INTO `friend_requests` (`initiator_user_id`, `target_user_id`, `status`, `requested_at`, `confirmed_at`) VALUES ('88', '56', 'requested', '2007-05-15 13:33:57', '2007-03-31 00:48:10');
INSERT INTO `friend_requests` (`initiator_user_id`, `target_user_id`, `status`, `requested_at`, `confirmed_at`) VALUES ('89', '93', 'unfriended', '1983-07-20 18:09:28', '2015-01-09 20:41:13');
INSERT INTO `friend_requests` (`initiator_user_id`, `target_user_id`, `status`, `requested_at`, `confirmed_at`) VALUES ('90', '94', 'approved', '2000-12-14 10:26:18', '1996-08-24 17:38:15');
INSERT INTO `friend_requests` (`initiator_user_id`, `target_user_id`, `status`, `requested_at`, `confirmed_at`) VALUES ('92', '52', 'declined', '2009-01-26 11:14:42', '1999-01-28 18:27:29');
INSERT INTO `friend_requests` (`initiator_user_id`, `target_user_id`, `status`, `requested_at`, `confirmed_at`) VALUES ('94', '33', 'declined', '1996-12-24 18:43:12', '1978-02-12 20:20:16');
INSERT INTO `friend_requests` (`initiator_user_id`, `target_user_id`, `status`, `requested_at`, `confirmed_at`) VALUES ('95', '68', 'approved', '2015-03-07 12:43:30', '2006-06-08 18:25:53');
INSERT INTO `friend_requests` (`initiator_user_id`, `target_user_id`, `status`, `requested_at`, `confirmed_at`) VALUES ('96', '48', 'declined', '1990-07-24 09:56:04', '1991-05-01 01:00:59');
INSERT INTO `friend_requests` (`initiator_user_id`, `target_user_id`, `status`, `requested_at`, `confirmed_at`) VALUES ('98', '85', 'approved', '2002-07-23 16:14:35', '1985-12-18 07:36:29');


#
# TABLE STRUCTURE FOR: communities
#

CREATE TABLE `communities` (
  `id` bigint(20) unsigned NOT NULL AUTO_INCREMENT,
  `name` varchar(150) COLLATE utf8_unicode_ci DEFAULT NULL,
  PRIMARY KEY (`id`),
  KEY `name` (`name`)
) ENGINE=InnoDB AUTO_INCREMENT=21 DEFAULT CHARSET=utf8 COLLATE=utf8_unicode_ci;

INSERT INTO `communities` (`id`, `name`) VALUES ('5', 'ad');
INSERT INTO `communities` (`id`, `name`) VALUES ('10', 'aliquid');
INSERT INTO `communities` (`id`, `name`) VALUES ('20', 'aut');
INSERT INTO `communities` (`id`, `name`) VALUES ('9', 'deserunt');
INSERT INTO `communities` (`id`, `name`) VALUES ('7', 'distinctio');
INSERT INTO `communities` (`id`, `name`) VALUES ('19', 'fuga');
INSERT INTO `communities` (`id`, `name`) VALUES ('3', 'id');
INSERT INTO `communities` (`id`, `name`) VALUES ('18', 'impedit');
INSERT INTO `communities` (`id`, `name`) VALUES ('14', 'laudantium');
INSERT INTO `communities` (`id`, `name`) VALUES ('17', 'necessitatibus');
INSERT INTO `communities` (`id`, `name`) VALUES ('13', 'nemo');
INSERT INTO `communities` (`id`, `name`) VALUES ('12', 'odit');
INSERT INTO `communities` (`id`, `name`) VALUES ('6', 'omnis');
INSERT INTO `communities` (`id`, `name`) VALUES ('8', 'quam');
INSERT INTO `communities` (`id`, `name`) VALUES ('2', 'qui');
INSERT INTO `communities` (`id`, `name`) VALUES ('11', 'quibusdam');
INSERT INTO `communities` (`id`, `name`) VALUES ('15', 'quos');
INSERT INTO `communities` (`id`, `name`) VALUES ('4', 'reiciendis');
INSERT INTO `communities` (`id`, `name`) VALUES ('16', 'suscipit');
INSERT INTO `communities` (`id`, `name`) VALUES ('1', 'velit');



#
# TABLE STRUCTURE FOR: users_communities
#

CREATE TABLE `users_communities` (
  `user_id` bigint(20) unsigned NOT NULL,
  `community_id` bigint(20) unsigned NOT NULL,
  PRIMARY KEY (`user_id`,`community_id`),
  KEY `community_id` (`community_id`),
  CONSTRAINT `users_communities_ibfk_1` FOREIGN KEY (`user_id`) REFERENCES `users` (`id`),
  CONSTRAINT `users_communities_ibfk_2` FOREIGN KEY (`community_id`) REFERENCES `communities` (`id`)
) ENGINE=InnoDB DEFAULT CHARSET=utf8 COLLATE=utf8_unicode_ci;

INSERT INTO `users_communities` (`user_id`, `community_id`) VALUES ('10', '13');
INSERT INTO `users_communities` (`user_id`, `community_id`) VALUES ('12', '4');
INSERT INTO `users_communities` (`user_id`, `community_id`) VALUES ('13', '14');
INSERT INTO `users_communities` (`user_id`, `community_id`) VALUES ('28', '9');
INSERT INTO `users_communities` (`user_id`, `community_id`) VALUES ('30', '16');
INSERT INTO `users_communities` (`user_id`, `community_id`) VALUES ('43', '8');
INSERT INTO `users_communities` (`user_id`, `community_id`) VALUES ('54', '7');
INSERT INTO `users_communities` (`user_id`, `community_id`) VALUES ('79', '9');
INSERT INTO `users_communities` (`user_id`, `community_id`) VALUES ('83', '17');
INSERT INTO `users_communities` (`user_id`, `community_id`) VALUES ('97', '1');


#
# TABLE STRUCTURE FOR: posts
#

CREATE TABLE `posts` (
  `id` bigint(20) unsigned NOT NULL AUTO_INCREMENT,
  `user_id` bigint(20) unsigned NOT NULL,
  `post` text COLLATE utf8_unicode_ci DEFAULT NULL,
  `created_at` datetime DEFAULT current_timestamp(),
  `updated_at` datetime DEFAULT current_timestamp() ON UPDATE current_timestamp(),
  PRIMARY KEY (`id`),
  KEY `user_id` (`user_id`),
  CONSTRAINT `posts_ibfk_1` FOREIGN KEY (`user_id`) REFERENCES `users` (`id`)
) ENGINE=InnoDB AUTO_INCREMENT=201 DEFAULT CHARSET=utf8 COLLATE=utf8_unicode_ci;

INSERT INTO `posts` (`id`, `user_id`, `post`, `created_at`, `updated_at`) VALUES ('1', '34', 'Alice remarked. \'Oh, you foolish Alice!\' she answered herself. \'How can you learn lessons in the last concert!\' on which the words have got in as well,\' the Hatter and the Gryphon said, in a very.', '1992-11-25 20:34:46', '2013-08-19 15:07:49');
INSERT INTO `posts` (`id`, `user_id`, `post`, `created_at`, `updated_at`) VALUES ('2', '43', 'NEAR THE FENDER, (WITH ALICE\'S LOVE). Oh dear, what nonsense I\'m talking!\' Just then she walked on in a low curtain she had grown to her ear. \'You\'re thinking about something, my dear, I think?\' \'I.', '1985-07-22 00:36:26', '2010-05-24 14:58:10');
INSERT INTO `posts` (`id`, `user_id`, `post`, `created_at`, `updated_at`) VALUES ('3', '31', 'Queen was to find that her flamingo was gone in a helpless sort of use in saying anything more till the eyes appeared, and then treading on her lap as if he wasn\'t one?\' Alice asked. \'We called him.', '1983-02-01 14:49:57', '1986-11-28 05:23:03');
INSERT INTO `posts` (`id`, `user_id`, `post`, `created_at`, `updated_at`) VALUES ('4', '80', 'Gryphon replied rather impatiently: \'any shrimp could have told you butter wouldn\'t suit the works!\' he added in a great hurry; \'and their names were Elsie, Lacie, and Tillie; and they all spoke at.', '1979-09-28 23:00:12', '1978-05-28 20:49:15');
INSERT INTO `posts` (`id`, `user_id`, `post`, `created_at`, `updated_at`) VALUES ('5', '26', 'Alice laughed so much at this, but at last turned sulky, and would only say, \'I am older than you, and listen to her. The Cat only grinned a little nervous about this; \'for it might injure the.', '2007-08-03 19:57:46', '1998-11-11 15:28:27');
INSERT INTO `posts` (`id`, `user_id`, `post`, `created_at`, `updated_at`) VALUES ('6', '56', 'Do you think I could, if I was, I shouldn\'t want YOURS: I don\'t want to be?\' it asked. \'Oh, I\'m not used to say.\' \'So he did, so he with his head!\' or \'Off with his nose Trims his belt and his.', '1996-07-14 05:35:56', '1974-01-29 02:10:50');
INSERT INTO `posts` (`id`, `user_id`, `post`, `created_at`, `updated_at`) VALUES ('7', '21', 'Come on!\' So they began moving about again, and did not quite sure whether it was out of the court. All this time she saw maps and pictures hung upon pegs. She took down a very melancholy voice..', '1999-05-15 16:24:27', '1979-12-06 18:17:02');
INSERT INTO `posts` (`id`, `user_id`, `post`, `created_at`, `updated_at`) VALUES ('8', '56', 'ARE you doing out here? Run home this moment, I tell you!\' But she went down on their slates, and then raised himself upon tiptoe, put his mouth close to her: first, because the Duchess by this.', '2011-09-24 03:59:52', '1995-08-23 20:37:38');
INSERT INTO `posts` (`id`, `user_id`, `post`, `created_at`, `updated_at`) VALUES ('9', '92', 'I grow up, I\'ll write one--but I\'m grown up now,\' she said, as politely as she had never heard before, \'Sure then I\'m here! Digging for apples, indeed!\' said the Queen. \'Can you play croquet?\' The.', '1980-06-28 11:35:37', '1983-04-18 16:08:06');
INSERT INTO `posts` (`id`, `user_id`, `post`, `created_at`, `updated_at`) VALUES ('10', '16', 'VERY good opportunity for repeating his remark, with variations. \'I shall be punished for it was only a mouse that had a pencil that squeaked. This of course, Alice could hardly hear the words:-- \'I.', '2004-01-15 18:34:25', '1978-05-21 09:22:40');
INSERT INTO `posts` (`id`, `user_id`, `post`, `created_at`, `updated_at`) VALUES ('11', '81', 'Said he thanked the whiting kindly, but he would not give all else for two Pennyworth only of beautiful Soup? Beau--ootiful Soo--oop! Beau--ootiful Soo--oop! Beau--ootiful Soo--oop! Soo--oop of the.', '1975-11-01 03:05:09', '1985-05-26 04:41:26');
INSERT INTO `posts` (`id`, `user_id`, `post`, `created_at`, `updated_at`) VALUES ('12', '94', 'Said cunning old Fury: \"I\'ll try the patience of an oyster!\' \'I wish the creatures argue. It\'s enough to try the effect: the next question is, Who in the sun. (IF you don\'t know of any one; so, when.', '2011-09-21 23:15:19', '1988-07-28 00:15:21');
INSERT INTO `posts` (`id`, `user_id`, `post`, `created_at`, `updated_at`) VALUES ('13', '8', 'Alice. \'Then it ought to be found: all she could do, lying down on the other bit. Her chin was pressed so closely against her foot, that there was silence for some way of keeping up the little door,.', '2006-01-18 00:08:17', '2020-04-29 01:36:18');
INSERT INTO `posts` (`id`, `user_id`, `post`, `created_at`, `updated_at`) VALUES ('14', '60', 'The Queen\'s argument was, that her neck from being run over; and the great wonder is, that there\'s any one left alive!\' She was close behind it when she first saw the Mock Turtle, \'but if they do,.', '2007-12-24 05:25:34', '1977-09-07 22:15:30');
INSERT INTO `posts` (`id`, `user_id`, `post`, `created_at`, `updated_at`) VALUES ('15', '68', 'Alice; \'it\'s laid for a minute or two she stood watching them, and the blades of grass, but she saw maps and pictures hung upon pegs. She took down a very hopeful tone though), \'I won\'t interrupt.', '1977-03-01 22:47:04', '1983-08-22 22:30:06');
INSERT INTO `posts` (`id`, `user_id`, `post`, `created_at`, `updated_at`) VALUES ('16', '80', 'Alice; \'I might as well go in ringlets at all; and I\'m sure she\'s the best thing to nurse--and she\'s such a thing before, and behind them a new pair of the goldfish kept running in her head, and she.', '2007-05-12 02:52:45', '1971-09-11 04:28:20');
INSERT INTO `posts` (`id`, `user_id`, `post`, `created_at`, `updated_at`) VALUES ('17', '14', 'Duchess was VERY ugly; and secondly, because they\'re making such VERY short remarks, and she went on, \'I must be getting somewhere near the house of the bill, \"French, music, AND WASHING--extra.\"\'.', '1995-03-12 17:04:30', '2000-09-23 20:59:55');
INSERT INTO `posts` (`id`, `user_id`, `post`, `created_at`, `updated_at`) VALUES ('18', '33', 'Pigeon went on, looking anxiously about her. \'Oh, do let me help to undo it!\' \'I shall be a comfort, one way--never to be talking in his confusion he bit a large caterpillar, that was said, and went.', '1998-06-18 04:02:41', '1977-10-10 19:21:03');
INSERT INTO `posts` (`id`, `user_id`, `post`, `created_at`, `updated_at`) VALUES ('19', '34', 'Dormouse crossed the court, by the English, who wanted leaders, and had just upset the week before. \'Oh, I BEG your pardon!\' said the Caterpillar. Here was another long passage, and the executioner.', '2014-08-28 08:37:26', '2003-11-28 05:31:02');
INSERT INTO `posts` (`id`, `user_id`, `post`, `created_at`, `updated_at`) VALUES ('20', '36', 'Alice would not join the dance? Will you, won\'t you, will you, old fellow?\' The Mock Turtle is.\' \'It\'s the first figure,\' said the youth, \'and your jaws are too weak For anything tougher than suet;.', '1971-01-25 20:00:00', '2010-04-07 22:56:23');
INSERT INTO `posts` (`id`, `user_id`, `post`, `created_at`, `updated_at`) VALUES ('21', '61', 'Cat in a great interest in questions of eating and drinking. \'They lived on treacle,\' said the March Hare said to one of the house!\' (Which was very like having a game of croquet she was ready to.', '1979-12-16 17:05:58', '1989-05-06 22:03:27');
INSERT INTO `posts` (`id`, `user_id`, `post`, `created_at`, `updated_at`) VALUES ('22', '14', 'Mock Turtle at last, with a great crowd assembled about them--all sorts of things, and she, oh! she knows such a thing I ask! It\'s always six o\'clock now.\' A bright idea came into Alice\'s head. \'Is.', '1998-06-19 01:47:49', '1981-04-02 19:45:22');
INSERT INTO `posts` (`id`, `user_id`, `post`, `created_at`, `updated_at`) VALUES ('23', '71', 'I beg your pardon,\' said Alice doubtfully: \'it means--to--make--anything--prettier.\' \'Well, then,\' the Cat in a whisper.) \'That would be a grin, and she very seldom followed it), and handed them.', '1971-01-30 18:23:52', '2000-04-07 16:36:37');
INSERT INTO `posts` (`id`, `user_id`, `post`, `created_at`, `updated_at`) VALUES ('24', '58', 'Alice alone with the lobsters to the Knave was standing before them, in chains, with a sudden leap out of a good character, But said I could show you our cat Dinah: I think I could, if I shall.', '1981-03-22 03:03:24', '1973-06-30 18:20:44');
INSERT INTO `posts` (`id`, `user_id`, `post`, `created_at`, `updated_at`) VALUES ('25', '100', 'Alice guessed who it was, and, as the jury had a consultation about this, and she looked down at her side. She was a general clapping of hands at this: it was the first question, you know.\' \'I don\'t.', '1970-10-01 11:16:00', '2015-11-16 17:34:29');
INSERT INTO `posts` (`id`, `user_id`, `post`, `created_at`, `updated_at`) VALUES ('26', '14', 'Alice. \'Why, SHE,\' said the Queen till she had known them all her fancy, that: they never executes nobody, you know. Which shall sing?\' \'Oh, YOU sing,\' said the Duchess; \'I never said I didn\'t!\'.', '1975-02-22 03:18:19', '2009-07-20 15:06:20');
INSERT INTO `posts` (`id`, `user_id`, `post`, `created_at`, `updated_at`) VALUES ('27', '100', 'THE.', '1977-03-12 09:13:58', '1999-12-21 06:30:32');
INSERT INTO `posts` (`id`, `user_id`, `post`, `created_at`, `updated_at`) VALUES ('28', '7', 'So she tucked her arm affectionately into Alice\'s, and they went up to her feet as the large birds complained that they couldn\'t get them out with his nose Trims his belt and his friends shared.', '1997-08-17 17:55:01', '2020-07-14 17:13:25');
INSERT INTO `posts` (`id`, `user_id`, `post`, `created_at`, `updated_at`) VALUES ('29', '80', 'Cat again, sitting on a three-legged stool in the house, and wondering whether she could guess, she was going to begin again, it was quite tired and out of the hall: in fact she was about a thousand.', '1989-04-24 18:21:44', '2017-01-02 08:38:20');
INSERT INTO `posts` (`id`, `user_id`, `post`, `created_at`, `updated_at`) VALUES ('30', '73', 'Queen, who were all turning into little cakes as they came nearer, Alice could speak again. In a minute or two, they began running about in the kitchen that did not like the look of the hall; but,.', '2020-05-27 14:27:23', '1990-01-15 19:43:21');
INSERT INTO `posts` (`id`, `user_id`, `post`, `created_at`, `updated_at`) VALUES ('31', '60', 'Mock Turtle yawned and shut his note-book hastily. \'Consider your verdict,\' he said do. Alice looked all round the neck of the cattle in the same as they were all talking at once, she found herself.', '1988-11-19 12:55:23', '1972-03-13 12:28:27');
INSERT INTO `posts` (`id`, `user_id`, `post`, `created_at`, `updated_at`) VALUES ('32', '13', 'For really this morning I\'ve nothing to do.\" Said the mouse to the beginning of the court. (As that is rather a hard word, I will prosecute YOU.--Come, I\'ll take no denial; We must have got in your.', '1988-12-30 08:05:03', '2006-01-28 12:50:55');
INSERT INTO `posts` (`id`, `user_id`, `post`, `created_at`, `updated_at`) VALUES ('33', '15', 'I\'ll kick you down stairs!\' \'That is not said right,\' said the Hatter. \'I deny it!\' said the Mock Turtle; \'but it seems to be a footman in livery came running out of that is--\"Oh, \'tis love, that.', '1986-09-01 13:48:13', '2010-04-21 13:18:34');
INSERT INTO `posts` (`id`, `user_id`, `post`, `created_at`, `updated_at`) VALUES ('34', '91', 'And he got up this morning? I almost think I should understand that better,\' Alice said very humbly; \'I won\'t have any pepper in that poky little house, and wondering what to say it out into the.', '2004-09-01 12:24:43', '1976-06-30 11:39:35');
INSERT INTO `posts` (`id`, `user_id`, `post`, `created_at`, `updated_at`) VALUES ('35', '92', 'Gryphon: and it sat down and cried. \'Come, there\'s half my plan done now! How puzzling all these changes are! I\'m never sure what I\'m going to say,\' said the voice. \'Fetch me my gloves this moment!\'.', '2002-04-10 09:59:31', '1979-09-25 14:30:28');
INSERT INTO `posts` (`id`, `user_id`, `post`, `created_at`, `updated_at`) VALUES ('36', '40', 'Alice to herself, (not in a hot tureen! Who for such a capital one for catching mice--oh, I beg your pardon,\' said Alice sadly. \'Hand it over afterwards, it occurred to her that she had grown in the.', '2001-08-17 02:27:42', '2003-01-30 21:16:24');
INSERT INTO `posts` (`id`, `user_id`, `post`, `created_at`, `updated_at`) VALUES ('37', '46', 'DOTH THE LITTLE BUSY BEE,\" but it was impossible to say a word, but slowly followed her back to yesterday, because I was sent for.\' \'You ought to speak, but for a minute, nurse! But I\'ve got to the.', '1978-12-09 12:24:52', '2010-04-05 06:17:21');
INSERT INTO `posts` (`id`, `user_id`, `post`, `created_at`, `updated_at`) VALUES ('38', '13', 'Pray how did you manage on the top of his pocket, and pulled out a new idea to Alice, and she set the little glass table. \'Now, I\'ll manage better this time,\' she said, \'and see whether it\'s marked.', '2002-06-22 06:18:10', '1998-03-12 16:13:27');
INSERT INTO `posts` (`id`, `user_id`, `post`, `created_at`, `updated_at`) VALUES ('39', '96', 'Time!\' \'Perhaps not,\' Alice replied eagerly, for she had hurt the poor little Lizard, Bill, was in March.\' As she said to herself, as she went on, \'--likely to win, that it\'s hardly worth while.', '1998-08-06 17:21:14', '1998-05-09 15:13:49');
INSERT INTO `posts` (`id`, `user_id`, `post`, `created_at`, `updated_at`) VALUES ('40', '37', 'Ma!\' said the Hatter: \'I\'m on the top of it. She stretched herself up on tiptoe, and peeped over the verses the White Rabbit. She was moving them about as curious as it could go, and broke to pieces.', '1993-03-05 19:34:43', '1977-08-26 15:50:27');
INSERT INTO `posts` (`id`, `user_id`, `post`, `created_at`, `updated_at`) VALUES ('41', '28', 'Alice; but she ran with all her riper years, the simple and loving heart of her skirt, upsetting all the right way to fly up into the sky all the other arm curled round her head. Still she went on.', '2005-02-18 06:21:10', '2004-09-09 19:22:00');
INSERT INTO `posts` (`id`, `user_id`, `post`, `created_at`, `updated_at`) VALUES ('42', '76', 'Gryphon replied rather impatiently: \'any shrimp could have been changed several times since then.\' \'What do you want to stay in here any longer!\' She waited for a rabbit! I suppose it were nine.', '1972-11-30 03:13:40', '1981-05-08 08:31:25');
INSERT INTO `posts` (`id`, `user_id`, `post`, `created_at`, `updated_at`) VALUES ('43', '31', 'I\'m perfectly sure I can\'t remember,\' said the Dormouse. \'Fourteenth of March, I think that very few little girls in my size; and as for the garden!\' and she told her sister, as well to introduce.', '2011-06-24 02:47:37', '1988-06-15 10:36:51');
INSERT INTO `posts` (`id`, `user_id`, `post`, `created_at`, `updated_at`) VALUES ('44', '36', 'I was going to say,\' said the Cat. \'I\'d nearly forgotten to ask.\' \'It turned into a conversation. Alice felt so desperate that she was talking. \'How CAN I have dropped them, I wonder?\' As she said.', '2009-06-23 07:03:32', '1998-05-18 06:14:42');
INSERT INTO `posts` (`id`, `user_id`, `post`, `created_at`, `updated_at`) VALUES ('45', '36', 'Alice called out in a moment like a steam-engine when she turned to the puppy; whereupon the puppy jumped into the open air. \'IF I don\'t like them raw.\' \'Well, be off, and had come back again, and.', '1977-02-18 17:57:31', '1970-04-22 18:23:54');
INSERT INTO `posts` (`id`, `user_id`, `post`, `created_at`, `updated_at`) VALUES ('46', '98', 'Alice, looking down at her hands, and she had this fit) An obstacle that came between Him, and ourselves, and it. Don\'t let me hear the name of nearly everything there. \'That\'s the first figure,\'.', '1986-08-21 22:33:13', '1985-11-22 22:54:02');
INSERT INTO `posts` (`id`, `user_id`, `post`, `created_at`, `updated_at`) VALUES ('47', '15', 'Queen. \'Never!\' said the Mock Turtle in a shrill, loud voice, and the choking of the trees behind him. \'--or next day, maybe,\' the Footman went on for some time in silence: at last came a rumbling.', '1992-05-16 17:35:29', '1986-07-05 20:07:17');
INSERT INTO `posts` (`id`, `user_id`, `post`, `created_at`, `updated_at`) VALUES ('48', '49', 'Queen left off, quite out of sight: \'but it sounds uncommon nonsense.\' Alice said very humbly; \'I won\'t interrupt again. I dare say you\'re wondering why I don\'t understand. Where did they live at.', '1979-06-16 04:35:41', '2011-04-25 01:21:22');
INSERT INTO `posts` (`id`, `user_id`, `post`, `created_at`, `updated_at`) VALUES ('49', '31', 'Mouse with an M?\' said Alice. \'Did you say things are \"much of a tree in front of the mushroom, and crawled away in the sea. But they HAVE their tails fast in their paws. \'And how did you manage on.', '1970-07-10 18:25:18', '2009-10-05 13:07:29');
INSERT INTO `posts` (`id`, `user_id`, `post`, `created_at`, `updated_at`) VALUES ('50', '49', 'Alice, looking down at her as she could, for the moment he was going on shrinking rapidly: she soon made out that one of the garden: the roses growing on it (as she had read about them in books, and.', '1987-03-29 19:38:33', '1989-02-15 23:32:05');
INSERT INTO `posts` (`id`, `user_id`, `post`, `created_at`, `updated_at`) VALUES ('51', '85', 'King, \'unless it was as steady as ever; Yet you balanced an eel on the trumpet, and then sat upon it.) \'I\'m glad I\'ve seen that done,\' thought Alice. \'I\'ve read that in the back. At last the Mock.', '1974-02-13 08:58:59', '1975-04-22 10:59:15');
INSERT INTO `posts` (`id`, `user_id`, `post`, `created_at`, `updated_at`) VALUES ('52', '92', 'Alice, \'as all the things between whiles.\' \'Then you shouldn\'t talk,\' said the Dormouse; \'--well in.\' This answer so confused poor Alice, who had followed him into the jury-box, and saw that, in her.', '2016-06-22 07:07:19', '2002-12-10 10:24:37');
INSERT INTO `posts` (`id`, `user_id`, `post`, `created_at`, `updated_at`) VALUES ('53', '63', 'Mary Ann, and be turned out of the Mock Turtle: \'why, if a dish or kettle had been jumping about like mad things all this time, as it turned round and round Alice, every now and then nodded. \'It\'s.', '2015-08-07 06:45:28', '2019-07-07 04:54:52');
INSERT INTO `posts` (`id`, `user_id`, `post`, `created_at`, `updated_at`) VALUES ('54', '55', 'I wonder?\' And here poor Alice began to feel a little ledge of rock, and, as a boon, Was kindly permitted to pocket the spoon: While the Owl and the arm that was linked into hers began to repeat it,.', '1975-09-17 05:09:04', '1999-03-23 17:09:57');
INSERT INTO `posts` (`id`, `user_id`, `post`, `created_at`, `updated_at`) VALUES ('55', '49', 'Tears \'Curiouser and curiouser!\' cried Alice (she was rather doubtful whether she ought to eat or drink anything; so I\'ll just see what was the first sentence in her brother\'s Latin Grammar, \'A.', '1999-02-25 12:25:56', '2013-06-27 03:31:42');
INSERT INTO `posts` (`id`, `user_id`, `post`, `created_at`, `updated_at`) VALUES ('56', '62', 'Alice began telling them her adventures from the sky! Ugh, Serpent!\' \'But I\'m NOT a serpent!\' said Alice timidly. \'Would you tell me,\' said Alice, \'a great girl like you,\' (she might well say that.', '1984-08-16 09:29:32', '1984-11-11 06:30:03');
INSERT INTO `posts` (`id`, `user_id`, `post`, `created_at`, `updated_at`) VALUES ('57', '69', 'King. \'It began with the distant green leaves. As there seemed to be Involved in this affair, He trusts to you to sit down without being seen, when she was ready to make SOME change in my own tears!.', '2016-07-18 20:36:07', '2014-05-16 00:54:46');
INSERT INTO `posts` (`id`, `user_id`, `post`, `created_at`, `updated_at`) VALUES ('58', '48', 'Alice. \'But you\'re so easily offended, you know!\' The Mouse gave a little anxiously. \'Yes,\' said Alice, quite forgetting in the common way. So they couldn\'t see it?\' So she swallowed one of its.', '2018-06-23 11:19:45', '1996-01-11 23:52:44');
INSERT INTO `posts` (`id`, `user_id`, `post`, `created_at`, `updated_at`) VALUES ('59', '69', 'YOU?\' Which brought them back again to the Caterpillar, just as well say,\' added the Queen. \'Never!\' said the King. (The jury all brightened up again.) \'Please your Majesty,\' he began. \'You\'re a.', '1981-12-21 07:20:01', '1981-03-07 00:24:16');
INSERT INTO `posts` (`id`, `user_id`, `post`, `created_at`, `updated_at`) VALUES ('60', '48', 'YOU are, first.\' \'Why?\' said the Hatter. \'You MUST remember,\' remarked the King, \'unless it was addressed to the jury, and the roof bear?--Mind that loose slate--Oh, it\'s coming down! Heads below!\'.', '1992-08-03 03:51:03', '2019-03-12 06:43:27');
INSERT INTO `posts` (`id`, `user_id`, `post`, `created_at`, `updated_at`) VALUES ('61', '20', 'I COULD NOT SWIM--\" you can\'t take more.\' \'You mean you can\'t think! And oh, my poor little Lizard, Bill, was in March.\' As she said to herself what such an extraordinary ways of living would be as.', '1974-06-20 01:00:25', '2013-07-30 15:28:29');
INSERT INTO `posts` (`id`, `user_id`, `post`, `created_at`, `updated_at`) VALUES ('62', '29', 'She generally gave herself very good height indeed!\' said the young lady to see if there are, nobody attends to them--and you\'ve no idea what you\'re doing!\' cried Alice, quite forgetting in the.', '2007-06-01 13:41:05', '1994-06-27 16:10:43');
INSERT INTO `posts` (`id`, `user_id`, `post`, `created_at`, `updated_at`) VALUES ('63', '61', 'AND QUEEN OF HEARTS. Alice was just possible it had lost something; and she could have told you butter wouldn\'t suit the works!\' he added looking angrily at the picture.) \'Up, lazy thing!\' said.', '1973-09-16 02:40:59', '2001-05-02 09:17:40');
INSERT INTO `posts` (`id`, `user_id`, `post`, `created_at`, `updated_at`) VALUES ('64', '35', 'I can\'t understand it myself to begin with.\' \'A barrowful will do, to begin lessons: you\'d only have to beat them off, and that makes them so shiny?\' Alice looked at Alice, and she dropped it.', '2014-05-19 14:28:01', '1975-01-29 06:03:29');
INSERT INTO `posts` (`id`, `user_id`, `post`, `created_at`, `updated_at`) VALUES ('65', '19', 'Caterpillar. Here was another puzzling question; and as Alice could only see her. She is such a curious appearance in the other. \'I beg your pardon!\' cried Alice in a melancholy air, and, after.', '1986-12-01 02:14:16', '1996-01-04 00:36:41');
INSERT INTO `posts` (`id`, `user_id`, `post`, `created_at`, `updated_at`) VALUES ('66', '53', 'Bill!\' then the puppy jumped into the court, she said to Alice; and Alice could see her after the rest waited in silence. Alice was beginning to feel very queer to ME.\' \'You!\' said the Mock Turtle.', '1972-11-10 01:10:49', '1994-07-18 16:18:20');
INSERT INTO `posts` (`id`, `user_id`, `post`, `created_at`, `updated_at`) VALUES ('67', '75', 'King; and the baby with some curiosity. \'What a pity it wouldn\'t stay!\' sighed the Lory, as soon as the question was evidently meant for her. \'Yes!\' shouted Alice. \'Come on, then!\' roared the Queen,.', '2016-06-01 19:30:31', '1997-11-11 22:09:38');
INSERT INTO `posts` (`id`, `user_id`, `post`, `created_at`, `updated_at`) VALUES ('68', '64', 'WOULD twist itself round and get in at all?\' said the King said to herself, \'it would have this cat removed!\' The Queen turned crimson with fury, and, after waiting till she too began dreaming after.', '2010-01-05 23:16:07', '2016-09-27 21:14:21');
INSERT INTO `posts` (`id`, `user_id`, `post`, `created_at`, `updated_at`) VALUES ('69', '65', 'Duchess. \'Everything\'s got a moral, if only you can have no answers.\' \'If you can\'t take LESS,\' said the King, rubbing his hands; \'so now let the jury--\' \'If any one left alive!\' She was looking.', '2018-09-28 05:19:43', '2019-08-11 18:17:57');
INSERT INTO `posts` (`id`, `user_id`, `post`, `created_at`, `updated_at`) VALUES ('70', '70', 'Dormouse crossed the court, by the time they were mine before. If I or she should chance to be sure, she had hoped) a fan and the sounds will take care of the Queen say only yesterday you deserved.', '1998-05-19 19:58:34', '2010-05-04 19:22:17');
INSERT INTO `posts` (`id`, `user_id`, `post`, `created_at`, `updated_at`) VALUES ('71', '1', 'Alice as he found it so VERY tired of being such a thing I ever saw one that size? Why, it fills the whole window!\' \'Sure, it does, yer honour: but it\'s an arm, yer honour!\' \'Digging for apples, yer.', '1987-10-02 01:15:38', '2018-01-26 01:53:15');
INSERT INTO `posts` (`id`, `user_id`, `post`, `created_at`, `updated_at`) VALUES ('72', '92', 'So Alice got up this morning, but I THINK I can guess that,\' she added in an angry tone, \'Why, Mary Ann, and be turned out of THIS!\' (Sounds of more broken glass.) \'Now tell me, Pat, what\'s that in.', '2000-08-21 04:22:43', '2008-07-03 19:07:20');
INSERT INTO `posts` (`id`, `user_id`, `post`, `created_at`, `updated_at`) VALUES ('73', '45', 'Cheshire Cat,\' said Alice: \'she\'s so extremely--\' Just then her head was so much already, that it was too dark to see what the next witness. It quite makes my forehead ache!\' Alice watched the Queen.', '1995-05-19 09:30:39', '2011-09-29 03:53:29');
INSERT INTO `posts` (`id`, `user_id`, `post`, `created_at`, `updated_at`) VALUES ('74', '31', 'The Mouse only shook its head down, and nobody spoke for some time in silence: at last she spread out her hand, watching the setting sun, and thinking of little birds and beasts, as well as pigs,.', '1989-11-14 07:39:34', '2005-12-10 22:35:53');
INSERT INTO `posts` (`id`, `user_id`, `post`, `created_at`, `updated_at`) VALUES ('75', '27', 'I\'ll have you executed.\' The miserable Hatter dropped his teacup instead of the jurors had a door leading right into it. \'That\'s very important,\' the King was the Hatter. \'You MUST remember,\'.', '1980-07-11 10:36:12', '1985-06-13 02:56:11');
INSERT INTO `posts` (`id`, `user_id`, `post`, `created_at`, `updated_at`) VALUES ('76', '81', 'Gryphon, half to herself, \'Now, what am I to get rather sleepy, and went on: \'--that begins with a sudden leap out of his shrill little voice, the name of nearly everything there. \'That\'s the.', '1984-10-19 06:34:13', '1982-01-10 10:52:40');
INSERT INTO `posts` (`id`, `user_id`, `post`, `created_at`, `updated_at`) VALUES ('77', '29', 'I shan\'t! YOU do it!--That I won\'t, then!--Bill\'s to go after that into a doze; but, on being pinched by the little dears came jumping merrily along hand in hand, in couples: they were gardeners, or.', '1975-04-20 18:27:40', '1993-12-13 23:52:03');
INSERT INTO `posts` (`id`, `user_id`, `post`, `created_at`, `updated_at`) VALUES ('78', '42', 'She went on growing, and, as they lay sprawling about, reminding her very much to-night, I should like to show you! A little bright-eyed terrier, you know, as we were. My notion was that it was an.', '1979-02-20 15:57:17', '1990-01-06 10:52:11');
INSERT INTO `posts` (`id`, `user_id`, `post`, `created_at`, `updated_at`) VALUES ('79', '30', 'She went in without knocking, and hurried upstairs, in great disgust, and walked a little of it?\' said the Hatter: \'as the things get used to do:-- \'How doth the little golden key in the middle of.', '1999-01-21 05:59:44', '2008-09-22 06:20:42');
INSERT INTO `posts` (`id`, `user_id`, `post`, `created_at`, `updated_at`) VALUES ('80', '60', 'While the Panther were sharing a pie--\' [later editions continued as follows When the Mouse to Alice severely. \'What are you thinking of?\' \'I beg pardon, your Majesty,\' he began, \'for bringing these.', '1978-05-06 18:21:20', '1985-11-03 23:46:55');
INSERT INTO `posts` (`id`, `user_id`, `post`, `created_at`, `updated_at`) VALUES ('81', '91', 'Bill, the Lizard) could not help thinking there MUST be more to come, so she took up the chimney, and said \'That\'s very curious.\' \'It\'s all his fancy, that: they never executes nobody, you know. But.', '1980-03-09 07:02:23', '1978-03-27 08:16:47');
INSERT INTO `posts` (`id`, `user_id`, `post`, `created_at`, `updated_at`) VALUES ('82', '14', 'I suppose it were nine o\'clock in the grass, merely remarking as it turned a back-somersault in at once.\' However, she got up, and there was nothing on it (as she had nothing yet,\' Alice replied.', '2007-08-13 03:02:42', '1989-07-11 14:08:47');
INSERT INTO `posts` (`id`, `user_id`, `post`, `created_at`, `updated_at`) VALUES ('83', '51', 'MORE than nothing.\' \'Nobody asked YOUR opinion,\' said Alice. \'Why, you don\'t even know what a long time together.\' \'Which is just the case with MINE,\' said the Dormouse followed him: the March Hare.', '2008-05-20 12:05:32', '2006-08-03 15:53:25');
INSERT INTO `posts` (`id`, `user_id`, `post`, `created_at`, `updated_at`) VALUES ('84', '53', 'SOMEBODY ought to be a person of authority over Alice. \'Stand up and bawled out, \"He\'s murdering the time! Off with his head!\' or \'Off with his head!\' or \'Off with her arms folded, frowning like a.', '1994-09-17 03:09:47', '2017-09-02 10:12:53');
INSERT INTO `posts` (`id`, `user_id`, `post`, `created_at`, `updated_at`) VALUES ('85', '68', 'Mock Turtle recovered his voice, and, with tears again as she tucked it away under her arm, and timidly said \'Consider, my dear: she is such a rule at processions; \'and besides, what would happen.', '1999-02-19 19:01:17', '1971-10-21 00:38:35');
INSERT INTO `posts` (`id`, `user_id`, `post`, `created_at`, `updated_at`) VALUES ('86', '99', 'King hastily said, and went to school in the window, she suddenly spread out her hand again, and made believe to worry it; then Alice, thinking it was neither more nor less than a rat-hole: she.', '2016-07-01 17:53:44', '2018-10-22 15:40:12');
INSERT INTO `posts` (`id`, `user_id`, `post`, `created_at`, `updated_at`) VALUES ('87', '15', 'I COULD NOT SWIM--\" you can\'t take LESS,\' said the March Hare. \'Yes, please do!\' but the Rabbit was no more of it at all,\' said Alice: \'she\'s so extremely--\' Just then she walked on in a moment: she.', '2012-11-19 13:28:35', '1972-07-07 20:51:09');
INSERT INTO `posts` (`id`, `user_id`, `post`, `created_at`, `updated_at`) VALUES ('88', '37', 'Bill, the Lizard) could not be denied, so she tried to curtsey as she went out, but it was very glad to find it out, we should all have our heads cut off, you know. Come on!\' \'Everybody says \"come.', '1991-10-10 09:01:06', '1997-02-20 10:46:42');
INSERT INTO `posts` (`id`, `user_id`, `post`, `created_at`, `updated_at`) VALUES ('89', '47', 'MORE THAN A MILE HIGH TO LEAVE THE COURT.\' Everybody looked at her, and said, \'That\'s right, Five! Always lay the blame on others!\' \'YOU\'D better not do that again!\' which produced another dead.', '1984-09-12 20:52:47', '1987-04-23 11:52:56');
INSERT INTO `posts` (`id`, `user_id`, `post`, `created_at`, `updated_at`) VALUES ('90', '84', 'Do you think, at your age, it is right?\' \'In my youth,\' said his father, \'I took to the Queen, who were all shaped like the look of it at all; and I\'m I, and--oh dear, how puzzling it all seemed.', '2008-08-28 17:20:57', '2020-04-26 12:04:47');
INSERT INTO `posts` (`id`, `user_id`, `post`, `created_at`, `updated_at`) VALUES ('91', '84', 'OURS they had settled down again, the Dodo said, \'EVERYBODY has won, and all sorts of things--I can\'t remember half of them--and it belongs to a day-school, too,\' said Alice; \'living at the stick,.', '1971-04-06 08:27:09', '2020-01-25 05:47:38');
INSERT INTO `posts` (`id`, `user_id`, `post`, `created_at`, `updated_at`) VALUES ('92', '66', 'Alice. \'Why, SHE,\' said the Pigeon; \'but if you\'ve seen them at last, they must needs come wriggling down from the sky! Ugh, Serpent!\' \'But I\'m NOT a serpent, I tell you!\' said Alice. \'Did you say.', '1975-08-11 18:03:50', '1998-07-19 16:21:50');
INSERT INTO `posts` (`id`, `user_id`, `post`, `created_at`, `updated_at`) VALUES ('93', '12', 'Alice. \'Of course not,\' said Alice aloud, addressing nobody in particular. \'She\'d soon fetch it back!\' \'And who is Dinah, if I fell off the top of his head. But at any rate it would be wasting our.', '2012-09-18 13:55:10', '1985-08-07 18:03:39');
INSERT INTO `posts` (`id`, `user_id`, `post`, `created_at`, `updated_at`) VALUES ('94', '45', 'The next thing is, to get out at all comfortable, and it said nothing. \'Perhaps it doesn\'t matter a bit,\' she thought it over here,\' said the Duchess: you\'d better ask HER about it.\' (The jury all.', '2018-02-16 01:42:46', '2008-08-07 19:55:32');
INSERT INTO `posts` (`id`, `user_id`, `post`, `created_at`, `updated_at`) VALUES ('95', '100', 'COULD grin.\' \'They all can,\' said the Queen, \'and he shall tell you my history, and you\'ll understand why it is all the things I used to say a word, but slowly followed her back to the door, and the.', '1985-06-19 21:36:01', '1975-08-21 19:31:30');
INSERT INTO `posts` (`id`, `user_id`, `post`, `created_at`, `updated_at`) VALUES ('96', '30', 'At this the White Rabbit, with a smile. There was nothing on it except a tiny golden key, and Alice\'s first thought was that you had been broken to pieces. \'Please, then,\' said Alice, in a rather.', '1987-04-06 10:23:25', '1992-11-27 06:28:36');
INSERT INTO `posts` (`id`, `user_id`, `post`, `created_at`, `updated_at`) VALUES ('97', '97', 'Queen?\' said the Duchess: \'flamingoes and mustard both bite. And the moral of THAT is--\"Take care of the cattle in the world! Oh, my dear paws! Oh my fur and whiskers! She\'ll get me executed, as.', '1989-10-25 19:53:50', '1978-05-14 04:51:07');
INSERT INTO `posts` (`id`, `user_id`, `post`, `created_at`, `updated_at`) VALUES ('98', '74', 'I shall ever see you any more!\' And here Alice began in a coaxing tone, and everybody laughed, \'Let the jury eagerly wrote down all three to settle the question, and they sat down, and the other two.', '1998-12-15 05:28:24', '1994-08-06 06:16:18');
INSERT INTO `posts` (`id`, `user_id`, `post`, `created_at`, `updated_at`) VALUES ('99', '94', 'Exactly as we were. My notion was that you couldn\'t cut off a little recovered from the Queen furiously, throwing an inkstand at the end.\' \'If you please, sir--\' The Rabbit Sends in a coaxing tone,.', '2017-06-11 20:59:13', '2008-03-29 22:02:26');
INSERT INTO `posts` (`id`, `user_id`, `post`, `created_at`, `updated_at`) VALUES ('100', '61', 'Duchess said after a pause: \'the reason is, that I\'m perfectly sure I don\'t think,\' Alice went on again:-- \'I didn\'t know it was all dark overhead; before her was another long passage, and the.', '2020-10-12 11:38:39', '2013-03-24 12:47:27');
INSERT INTO `posts` (`id`, `user_id`, `post`, `created_at`, `updated_at`) VALUES ('101', '44', 'I will just explain to you to set about it; if I\'m Mabel, I\'ll stay down here! It\'ll be no use their putting their heads off?\' shouted the Queen. \'Well, I never understood what it was written to.', '2005-11-22 08:50:36', '1976-02-07 02:35:14');
INSERT INTO `posts` (`id`, `user_id`, `post`, `created_at`, `updated_at`) VALUES ('102', '94', 'White Rabbit; \'in fact, there\'s nothing written on the slate. \'Herald, read the accusation!\' said the Gryphon. \'Then, you know,\' the Mock Turtle to the game. CHAPTER IX. The Mock Turtle in a solemn.', '1975-08-13 09:36:29', '1974-09-23 04:27:35');
INSERT INTO `posts` (`id`, `user_id`, `post`, `created_at`, `updated_at`) VALUES ('103', '53', 'The adventures first,\' said the Duchess, the Duchess! Oh! won\'t she be savage if I\'ve been changed for any of them. \'I\'m sure those are not attending!\' said the King. The White Rabbit returning,.', '2011-09-17 10:41:10', '1983-08-22 02:11:08');
INSERT INTO `posts` (`id`, `user_id`, `post`, `created_at`, `updated_at`) VALUES ('104', '88', 'Off--\' \'Nonsense!\' said Alice, feeling very curious to see it again, but it just grazed his nose, you know?\' \'It\'s the first to break the silence. \'What day of the hall: in fact she was nine feet.', '1986-11-13 16:11:54', '2001-11-11 05:15:04');
INSERT INTO `posts` (`id`, `user_id`, `post`, `created_at`, `updated_at`) VALUES ('105', '25', 'Alice found at first was in managing her flamingo: she succeeded in bringing herself down to nine inches high. CHAPTER VI. Pig and Pepper For a minute or two, it was getting very sleepy; \'and they.', '1980-03-12 03:36:22', '2014-10-07 11:41:02');
INSERT INTO `posts` (`id`, `user_id`, `post`, `created_at`, `updated_at`) VALUES ('106', '80', 'Queen of Hearts, he stole those tarts, And took them quite away!\' \'Consider your verdict,\' he said to herself, \'I don\'t even know what to beautify is, I can\'t tell you just now what the name.', '2003-10-12 12:50:40', '2001-04-07 03:30:29');
INSERT INTO `posts` (`id`, `user_id`, `post`, `created_at`, `updated_at`) VALUES ('107', '69', 'So she called softly after it, never once considering how in the beautiful garden, among the people near the King in a sorrowful tone, \'I\'m afraid I\'ve offended it again!\' For the Mouse to tell its.', '1975-04-01 11:31:13', '1992-04-03 16:02:50');
INSERT INTO `posts` (`id`, `user_id`, `post`, `created_at`, `updated_at`) VALUES ('108', '54', 'King. \'Nearly two miles high,\' added the Gryphon; and then added them up, and there was not even get her head in the court!\' and the sound of a muchness\"--did you ever saw. How she longed to get out.', '2020-01-06 11:36:41', '1979-10-04 11:27:59');
INSERT INTO `posts` (`id`, `user_id`, `post`, `created_at`, `updated_at`) VALUES ('109', '21', 'She did not like to show you! A little bright-eyed terrier, you know, and he wasn\'t going to be, from one end to the Queen, and Alice, were in custody and under sentence of execution. Then the Queen.', '1987-09-28 04:27:51', '2014-05-05 19:00:43');
INSERT INTO `posts` (`id`, `user_id`, `post`, `created_at`, `updated_at`) VALUES ('110', '98', 'Alice; and Alice could bear: she got up, and began talking again. \'Dinah\'ll miss me very much confused, \'I don\'t much care where--\' said Alice. \'Call it what you had been to a lobster--\' (Alice.', '1988-03-12 12:44:45', '2014-09-22 22:48:57');
INSERT INTO `posts` (`id`, `user_id`, `post`, `created_at`, `updated_at`) VALUES ('111', '13', 'Alice dear!\' said her sister; \'Why, what are YOUR shoes done with?\' said the Caterpillar. \'Well, I\'ve tried banks, and I\'ve tried to look for her, and the roof off.\' After a time there could be NO.', '1997-05-25 19:02:53', '2007-04-12 02:54:24');
INSERT INTO `posts` (`id`, `user_id`, `post`, `created_at`, `updated_at`) VALUES ('112', '12', 'King was the first position in which you usually see Shakespeare, in the distance. \'And yet what a wonderful dream it had struck her foot! She was a large kitchen, which was lit up by a row of.', '1987-08-05 04:10:25', '2007-05-03 22:36:44');
INSERT INTO `posts` (`id`, `user_id`, `post`, `created_at`, `updated_at`) VALUES ('113', '11', 'I was going to turn round on its axis--\' \'Talking of axes,\' said the Rabbit just under the sea,\' the Gryphon said, in a very good advice, (though she very good-naturedly began hunting about for it,.', '2020-05-01 22:41:16', '2014-08-20 05:51:12');
INSERT INTO `posts` (`id`, `user_id`, `post`, `created_at`, `updated_at`) VALUES ('114', '63', 'VERY turn-up nose, much more like a mouse, you know. Which shall sing?\' \'Oh, YOU sing,\' said the Queen, who had spoken first. \'That\'s none of my own. I\'m a deal too far off to other parts of the way.', '2020-11-22 23:57:13', '1992-10-31 04:51:04');
INSERT INTO `posts` (`id`, `user_id`, `post`, `created_at`, `updated_at`) VALUES ('115', '65', 'They had a head unless there was not a moment like a wild beast, screamed \'Off with his head!\' or \'Off with their fur clinging close to them, they were mine before. If I or she should push the.', '2020-09-11 07:04:37', '1976-04-02 06:45:41');
INSERT INTO `posts` (`id`, `user_id`, `post`, `created_at`, `updated_at`) VALUES ('116', '79', 'I beg your pardon!\' she exclaimed in a voice she had felt quite relieved to see if she had been wandering, when a sharp hiss made her draw back in a natural way again. \'I wonder how many miles I\'ve.', '2018-08-16 06:16:41', '1972-03-19 09:17:32');
INSERT INTO `posts` (`id`, `user_id`, `post`, `created_at`, `updated_at`) VALUES ('117', '61', 'Mouse. \'--I proceed. \"Edwin and Morcar, the earls of Mercia and Northumbria--\"\' \'Ugh!\' said the King in a deep, hollow tone: \'sit down, both of you, and must know better\'; and this he handed over to.', '1973-09-25 19:03:52', '2010-01-28 20:41:25');
INSERT INTO `posts` (`id`, `user_id`, `post`, `created_at`, `updated_at`) VALUES ('118', '79', 'I get SOMEWHERE,\' Alice added as an explanation. \'Oh, you\'re sure to happen,\' she said to herself; \'the March Hare took the hookah into its face in her hands, and began:-- \'You are not attending!\'.', '2012-02-19 20:40:56', '1987-06-16 03:00:12');
INSERT INTO `posts` (`id`, `user_id`, `post`, `created_at`, `updated_at`) VALUES ('119', '15', 'Lizard) could not help bursting out laughing: and when she had looked under it, and found that, as nearly as she could see it written down: but I don\'t know,\' he went on for some way, and nothing.', '2007-07-01 12:29:38', '1982-09-10 17:27:05');
INSERT INTO `posts` (`id`, `user_id`, `post`, `created_at`, `updated_at`) VALUES ('120', '7', 'Queen, who had spoken first. \'That\'s none of YOUR business, Two!\' said Seven. \'Yes, it IS his business!\' said Five, in a low voice. \'Not at first, perhaps,\' said the Hatter, and, just as well. The.', '2016-10-31 21:43:34', '2019-04-24 19:49:47');
INSERT INTO `posts` (`id`, `user_id`, `post`, `created_at`, `updated_at`) VALUES ('121', '62', 'Pigeon. \'I can tell you just now what the flame of a tree. \'Did you speak?\' \'Not I!\' he replied. \'We quarrelled last March--just before HE went mad, you know--\' She had not gone far before they saw.', '2009-05-01 17:19:44', '2006-11-27 10:29:44');
INSERT INTO `posts` (`id`, `user_id`, `post`, `created_at`, `updated_at`) VALUES ('122', '99', 'Alice quite jumped; but she gained courage as she was shrinking rapidly; so she set to work throwing everything within her reach at the Lizard in head downwards, and the Queen furiously, throwing an.', '1990-03-15 02:31:44', '2015-01-04 17:12:10');
INSERT INTO `posts` (`id`, `user_id`, `post`, `created_at`, `updated_at`) VALUES ('123', '73', 'So she sat still just as she went out, but it was the fan and two or three pairs of tiny white kid gloves in one hand and a long silence after this, and she jumped up and throw us, with the Queen,.', '1996-02-26 08:41:48', '1993-09-09 15:03:12');
INSERT INTO `posts` (`id`, `user_id`, `post`, `created_at`, `updated_at`) VALUES ('124', '73', 'March Hare took the cauldron of soup off the top with its wings. \'Serpent!\' screamed the Gryphon. \'It\'s all her coaxing. Hardly knowing what she was in the court!\' and the fall NEVER come to the.', '2002-09-08 21:21:49', '1993-10-12 22:12:43');
INSERT INTO `posts` (`id`, `user_id`, `post`, `created_at`, `updated_at`) VALUES ('125', '43', 'By this time it vanished quite slowly, beginning with the edge of her little sister\'s dream. The long grass rustled at her hands, and she walked on in the wind, and the March Hare was said to.', '2003-09-28 13:04:44', '2011-05-12 04:27:19');
INSERT INTO `posts` (`id`, `user_id`, `post`, `created_at`, `updated_at`) VALUES ('126', '73', 'Cheshire Cat,\' said Alice: \'she\'s so extremely--\' Just then she looked up eagerly, half hoping that the Gryphon in an offended tone. And she tried the effect of lying down on the hearth and grinning.', '2009-12-09 02:31:40', '2015-02-09 18:25:28');
INSERT INTO `posts` (`id`, `user_id`, `post`, `created_at`, `updated_at`) VALUES ('127', '3', 'Seven flung down his face, as long as I tell you!\' said Alice. \'Of course it was,\' said the King, the Queen, and Alice, were in custody and under sentence of execution.\' \'What for?\' said Alice..', '2011-06-07 17:30:35', '1995-07-27 02:25:38');
INSERT INTO `posts` (`id`, `user_id`, `post`, `created_at`, `updated_at`) VALUES ('128', '39', 'IS that to be sure; but I can\'t be Mabel, for I know all sorts of things, and she, oh! she knows such a dreadful time.\' So Alice began to cry again. \'You ought to be seen--everything seemed to.', '2010-02-14 19:47:38', '2020-01-11 21:33:40');
INSERT INTO `posts` (`id`, `user_id`, `post`, `created_at`, `updated_at`) VALUES ('129', '47', 'After a minute or two sobs choked his voice. \'Same as if she was appealed to by all three dates on their hands and feet at the end of half those long words, and, what\'s more, I don\'t want to go! Let.', '1971-10-10 10:48:48', '1976-12-12 14:43:35');
INSERT INTO `posts` (`id`, `user_id`, `post`, `created_at`, `updated_at`) VALUES ('130', '96', 'And he added looking angrily at the end of your flamingo. Shall I try the first figure,\' said the Caterpillar. \'Is that the poor little thing sobbed again (or grunted, it was addressed to the.', '1979-12-23 08:19:15', '1991-10-24 11:46:47');
INSERT INTO `posts` (`id`, `user_id`, `post`, `created_at`, `updated_at`) VALUES ('131', '100', 'Alice; \'that\'s not at all this time, and was delighted to find that she wasn\'t a bit hurt, and she felt sure she would feel very sleepy and stupid), whether the pleasure of making a daisy-chain.', '1994-12-08 18:16:56', '2012-06-27 15:10:31');
INSERT INTO `posts` (`id`, `user_id`, `post`, `created_at`, `updated_at`) VALUES ('132', '90', 'Alice did not like the three gardeners instantly threw themselves flat upon their faces. There was a different person then.\' \'Explain all that,\' he said to herself, \'Now, what am I to get through.', '2019-07-12 20:04:44', '1999-02-20 00:06:27');
INSERT INTO `posts` (`id`, `user_id`, `post`, `created_at`, `updated_at`) VALUES ('133', '90', 'I didn\'t!\' interrupted Alice. \'You must be,\' said the voice. \'Fetch me my gloves this moment!\' Then came a little timidly: \'but it\'s no use now,\' thought poor Alice, \'to pretend to be ashamed of.', '1974-07-04 08:44:47', '2019-12-19 11:47:30');
INSERT INTO `posts` (`id`, `user_id`, `post`, `created_at`, `updated_at`) VALUES ('134', '52', 'Alice asked in a hoarse growl, \'the world would go round and round goes the clock in a natural way. \'I thought it would,\' said the Gryphon as if nothing had happened. \'How am I to get hold of.', '1980-09-11 06:11:40', '1990-01-06 07:17:09');
INSERT INTO `posts` (`id`, `user_id`, `post`, `created_at`, `updated_at`) VALUES ('135', '78', 'HEARTS. Alice was very nearly carried it off. \'If everybody minded their own business,\' the Duchess sang the second verse of the Queen shouted at the Mouse\'s tail; \'but why do you know about this.', '1996-07-24 23:19:08', '2019-02-21 08:48:46');
INSERT INTO `posts` (`id`, `user_id`, `post`, `created_at`, `updated_at`) VALUES ('136', '14', 'Queen in front of them, with her head!\' about once in the wind, and was coming to, but it said nothing. \'Perhaps it doesn\'t mind.\' The table was a good character, But said I could not taste theirs,.', '1980-08-20 05:39:09', '1985-02-17 15:35:26');
INSERT INTO `posts` (`id`, `user_id`, `post`, `created_at`, `updated_at`) VALUES ('137', '31', 'I can remember feeling a little way forwards each time and a pair of gloves and a large canvas bag, which tied up at the house, and have next to her. \'I wish the creatures argue. It\'s enough to get.', '2010-11-19 20:15:29', '2005-04-22 15:50:13');
INSERT INTO `posts` (`id`, `user_id`, `post`, `created_at`, `updated_at`) VALUES ('138', '46', 'BEST butter, you know.\' He was looking at Alice as he spoke, \'we were trying--\' \'I see!\' said the Gryphon. \'It all came different!\' Alice replied very solemnly. Alice was not even room for her..', '2001-09-30 19:17:56', '2012-04-29 03:47:36');
INSERT INTO `posts` (`id`, `user_id`, `post`, `created_at`, `updated_at`) VALUES ('139', '67', 'Alice said; but was dreadfully puzzled by the English, who wanted leaders, and had no reason to be Involved in this way! Stop this moment, I tell you!\' said Alice. \'Off with his knuckles. It was.', '1981-03-24 13:46:37', '1971-01-03 17:58:04');
INSERT INTO `posts` (`id`, `user_id`, `post`, `created_at`, `updated_at`) VALUES ('140', '52', 'First, she tried hard to whistle to it; but she added, \'and the moral of that is--\"Birds of a treacle-well--eh, stupid?\' \'But they were lying on the spot.\' This did not like to hear her try and say.', '1982-12-07 12:16:18', '2010-02-01 07:09:12');
INSERT INTO `posts` (`id`, `user_id`, `post`, `created_at`, `updated_at`) VALUES ('141', '44', 'Alice could hardly hear the very tones of her going, though she looked down at them, and he poured a little startled by seeing the Cheshire Cat sitting on a little scream of laughter. \'Oh, hush!\'.', '1992-04-06 23:05:52', '1997-03-17 01:21:09');
INSERT INTO `posts` (`id`, `user_id`, `post`, `created_at`, `updated_at`) VALUES ('142', '79', 'There could be beheaded, and that in about half no time! Take your choice!\' The Duchess took no notice of them say, \'Look out now, Five! Don\'t go splashing paint over me like that!\' He got behind.', '2001-05-19 01:55:22', '1974-05-08 08:43:47');
INSERT INTO `posts` (`id`, `user_id`, `post`, `created_at`, `updated_at`) VALUES ('143', '64', 'Caterpillar. This was quite tired of swimming about here, O Mouse!\' (Alice thought this a very good height indeed!\' said the March Hare and the little golden key in the distance, screaming with.', '2004-03-29 05:30:29', '1988-03-01 11:56:08');
INSERT INTO `posts` (`id`, `user_id`, `post`, `created_at`, `updated_at`) VALUES ('144', '54', 'King, \'unless it was an old woman--but then--always to have been a RED rose-tree, and we put a white one in by mistake; and if it makes me grow large again, for really I\'m quite tired and out of.', '1985-02-26 11:03:12', '2010-03-04 12:49:01');
INSERT INTO `posts` (`id`, `user_id`, `post`, `created_at`, `updated_at`) VALUES ('145', '42', 'Alice to herself, \'I wonder what was coming. It was so much about a whiting before.\' \'I can hardly breathe.\' \'I can\'t go no lower,\' said the King and the procession came opposite to Alice, very.', '1996-03-16 21:04:15', '2003-07-12 02:16:56');
INSERT INTO `posts` (`id`, `user_id`, `post`, `created_at`, `updated_at`) VALUES ('146', '28', 'Indeed, she had not gone far before they saw the White Rabbit. She was looking up into the air, and came back again. \'Keep your temper,\' said the White Rabbit read:-- \'They told me he was speaking,.', '1984-09-10 04:57:12', '1994-08-21 12:57:04');
INSERT INTO `posts` (`id`, `user_id`, `post`, `created_at`, `updated_at`) VALUES ('147', '32', 'Cat. \'I don\'t know what they\'re about!\' \'Read them,\' said the Mock Turtle in a melancholy tone: \'it doesn\'t seem to dry me at all.\' \'In that case,\' said the Hatter: \'I\'m on the trumpet, and then.', '1999-12-04 21:50:26', '1990-05-07 13:10:36');
INSERT INTO `posts` (`id`, `user_id`, `post`, `created_at`, `updated_at`) VALUES ('148', '2', 'I can listen all day to such stuff? Be off, or I\'ll have you executed.\' The miserable Hatter dropped his teacup instead of onions.\' Seven flung down his face, as long as there was no time she\'d have.', '2011-07-05 23:25:32', '1983-01-09 00:44:23');
INSERT INTO `posts` (`id`, `user_id`, `post`, `created_at`, `updated_at`) VALUES ('149', '6', 'There was nothing else to do, so Alice soon came upon a neat little house, on the same side of WHAT?\' thought Alice; \'I must be shutting up like a steam-engine when she got up, and there stood the.', '2000-09-27 19:32:49', '2012-02-10 23:19:41');
INSERT INTO `posts` (`id`, `user_id`, `post`, `created_at`, `updated_at`) VALUES ('150', '47', 'Rabbit came near her, she began, rather timidly, as she said to one of the baby, and not to be sure; but I shall never get to twenty at that rate! However, the Multiplication Table doesn\'t signify:.', '1987-09-25 15:01:15', '2005-09-04 02:38:58');
INSERT INTO `posts` (`id`, `user_id`, `post`, `created_at`, `updated_at`) VALUES ('151', '9', 'Said cunning old Fury: \"I\'ll try the whole thing very absurd, but they were trying which word sounded best. Some of the table, but it is.\' \'Then you shouldn\'t talk,\' said the Dodo could not help.', '1973-06-19 23:43:27', '1974-02-27 08:11:39');
INSERT INTO `posts` (`id`, `user_id`, `post`, `created_at`, `updated_at`) VALUES ('152', '68', 'Duck and a sad tale!\' said the King. \'Nothing whatever,\' said Alice. \'Why?\' \'IT DOES THE BOOTS AND SHOES.\' the Gryphon answered, very nearly getting up and to stand on your head-- Do you think I can.', '1990-10-14 03:47:10', '1997-06-27 04:38:39');
INSERT INTO `posts` (`id`, `user_id`, `post`, `created_at`, `updated_at`) VALUES ('153', '45', 'I can\'t see you?\' She was close behind her, listening: so she began thinking over other children she knew she had felt quite unhappy at the Queen, and Alice was not a mile high,\' said Alice. The.', '2018-03-26 12:01:37', '2020-09-14 06:08:29');
INSERT INTO `posts` (`id`, `user_id`, `post`, `created_at`, `updated_at`) VALUES ('154', '82', 'Cheshire Cat sitting on the floor, and a scroll of parchment in the flurry of the house down!\' said the Mock Turtle, who looked at them with the strange creatures of her head made her look up and.', '1985-09-10 03:45:01', '1999-11-07 17:30:47');
INSERT INTO `posts` (`id`, `user_id`, `post`, `created_at`, `updated_at`) VALUES ('155', '41', 'Queen\'s argument was, that anything that had a bone in his confusion he bit a large crowd collected round it: there were no arches left, and all dripping wet, cross, and uncomfortable. The moment.', '1996-05-06 08:02:54', '1996-10-28 22:00:45');
INSERT INTO `posts` (`id`, `user_id`, `post`, `created_at`, `updated_at`) VALUES ('156', '87', 'I was going to be, from one foot up the fan and gloves. \'How queer it seems,\' Alice said with some severity; \'it\'s very interesting. I never knew whether it would be very likely it can talk: at any.', '1981-09-07 23:31:18', '1993-02-03 16:35:29');
INSERT INTO `posts` (`id`, `user_id`, `post`, `created_at`, `updated_at`) VALUES ('157', '54', 'Classics master, though. He was looking at the stick, and tumbled head over heels in its sleep \'Twinkle, twinkle, twinkle, twinkle--\' and went down on their slates, \'SHE doesn\'t believe there\'s an.', '1975-09-01 03:36:02', '1981-07-07 22:01:43');
INSERT INTO `posts` (`id`, `user_id`, `post`, `created_at`, `updated_at`) VALUES ('158', '43', 'I know!\' exclaimed Alice, who always took a minute or two sobs choked his voice. \'Same as if she did not at all for any of them. However, on the bank, and of having the sentence first!\' \'Hold your.', '1996-07-24 11:44:58', '1980-08-30 15:48:10');
INSERT INTO `posts` (`id`, `user_id`, `post`, `created_at`, `updated_at`) VALUES ('159', '26', 'Where CAN I have dropped them, I wonder?\' And here Alice began to say it over) \'--yes, that\'s about the games now.\' CHAPTER X. The Lobster Quadrille is!\' \'No, indeed,\' said Alice. \'Who\'s making.', '1972-12-27 04:03:44', '1989-02-03 05:11:08');
INSERT INTO `posts` (`id`, `user_id`, `post`, `created_at`, `updated_at`) VALUES ('160', '1', 'Alice noticed with some curiosity. \'What a curious feeling!\' said Alice; \'it\'s laid for a minute, nurse! But I\'ve got to do,\' said Alice in a very humble tone, going down on their hands and feet, to.', '2016-01-16 01:40:12', '1983-12-16 19:44:14');
INSERT INTO `posts` (`id`, `user_id`, `post`, `created_at`, `updated_at`) VALUES ('161', '39', 'Queen of Hearts were seated on their faces, and the moon, and memory, and muchness--you know you say \"What a pity!\"?\' the Rabbit coming to look about her repeating \'YOU ARE OLD, FATHER WILLIAM,\' to.', '2011-09-05 21:26:05', '2015-12-03 05:10:46');
INSERT INTO `posts` (`id`, `user_id`, `post`, `created_at`, `updated_at`) VALUES ('162', '25', 'It\'s high time to be afraid of it. She felt very curious sensation, which puzzled her a good deal frightened at the window, and some \'unimportant.\' Alice could hear him sighing as if it had been, it.', '2013-06-04 21:27:04', '1978-09-29 06:20:17');
INSERT INTO `posts` (`id`, `user_id`, `post`, `created_at`, `updated_at`) VALUES ('163', '90', 'M?\' said Alice. \'I\'ve so often read in the morning, just time to go, for the rest of the house till she shook the house, and have next to no toys to play with, and oh! ever so many tea-things are.', '1997-01-09 07:48:54', '2002-08-14 00:44:21');
INSERT INTO `posts` (`id`, `user_id`, `post`, `created_at`, `updated_at`) VALUES ('164', '28', 'Alice, a little bit, and said anxiously to herself, as usual. I wonder if I\'ve been changed in the same height as herself; and when she looked down at her rather inquisitively, and seemed not to be.', '1984-07-29 05:53:45', '2011-05-26 07:48:46');
INSERT INTO `posts` (`id`, `user_id`, `post`, `created_at`, `updated_at`) VALUES ('165', '77', 'THAT\'S the great question certainly was, what? Alice looked down at once, and ran till she fancied she heard a little bit, and said \'What else have you executed, whether you\'re nervous or not.\' \'I\'m.', '1971-01-05 12:20:54', '2010-12-23 19:38:03');
INSERT INTO `posts` (`id`, `user_id`, `post`, `created_at`, `updated_at`) VALUES ('166', '68', 'Queen jumped up in great fear lest she should chance to be seen--everything seemed to be afraid of interrupting him,) \'I\'ll give him sixpence. _I_ don\'t believe you do either!\' And the Eaglet bent.', '1975-08-07 19:48:42', '1984-09-13 03:52:02');
INSERT INTO `posts` (`id`, `user_id`, `post`, `created_at`, `updated_at`) VALUES ('167', '42', 'I suppose I ought to be no sort of way to hear his history. I must sugar my hair.\" As a duck with its tongue hanging out of sight; and an Eaglet, and several other curious creatures. Alice led the.', '2013-04-27 17:01:39', '1989-02-15 04:42:11');
INSERT INTO `posts` (`id`, `user_id`, `post`, `created_at`, `updated_at`) VALUES ('168', '8', 'First, she tried another question. \'What sort of thing that would happen: \'\"Miss Alice! Come here directly, and get in at the stick, running a very poor speaker,\' said the King. \'I can\'t explain.', '1976-01-01 03:45:02', '1992-04-17 12:32:01');
INSERT INTO `posts` (`id`, `user_id`, `post`, `created_at`, `updated_at`) VALUES ('169', '14', 'My notion was that it was indeed: she was getting so far off). \'Oh, my poor hands, how is it I can\'t quite follow it as far as they would call after her: the last time she had succeeded in bringing.', '1998-10-24 04:55:21', '1989-01-30 17:33:47');
INSERT INTO `posts` (`id`, `user_id`, `post`, `created_at`, `updated_at`) VALUES ('170', '8', 'However, this bottle was a dead silence instantly, and Alice looked round, eager to see what the flame of a bottle. They all returned from him to be sure, this generally happens when one eats cake,.', '1989-06-18 00:44:37', '1997-07-23 19:30:19');
INSERT INTO `posts` (`id`, `user_id`, `post`, `created_at`, `updated_at`) VALUES ('171', '60', 'But her sister sat still and said to herself. At this moment Five, who had spoken first. \'That\'s none of YOUR business, Two!\' said Seven. \'Yes, it IS his business!\' said Five, \'and I\'ll tell him--it.', '1988-09-09 05:10:20', '1992-05-23 07:01:54');
INSERT INTO `posts` (`id`, `user_id`, `post`, `created_at`, `updated_at`) VALUES ('172', '57', 'Alice had begun to repeat it, but her head in the schoolroom, and though this was not going to be, from one foot up the conversation a little. \'\'Tis so,\' said Alice. \'Who\'s making personal remarks.', '2014-06-23 07:58:05', '2006-11-24 03:13:43');
INSERT INTO `posts` (`id`, `user_id`, `post`, `created_at`, `updated_at`) VALUES ('173', '87', 'French lesson-book. The Mouse only growled in reply. \'Idiot!\' said the Mouse, getting up and to hear it say, as it went, as if it please your Majesty,\' said Alice indignantly. \'Let me alone!\'.', '1974-12-07 18:28:04', '1985-03-28 13:26:32');
INSERT INTO `posts` (`id`, `user_id`, `post`, `created_at`, `updated_at`) VALUES ('174', '23', 'You MUST have meant some mischief, or else you\'d have signed your name like an honest man.\' There was no time to begin with,\' said the Hatter. \'I deny it!\' said the Mock Turtle a little while,.', '1998-01-31 21:32:15', '2011-06-21 22:19:51');
INSERT INTO `posts` (`id`, `user_id`, `post`, `created_at`, `updated_at`) VALUES ('175', '10', 'I\'ll look first,\' she said, \'for her hair goes in such a thing before, but she ran with all their simple sorrows, and find a thing,\' said the Pigeon; \'but I know is, something comes at me like.', '1982-04-22 09:54:58', '2008-10-02 03:07:46');
INSERT INTO `posts` (`id`, `user_id`, `post`, `created_at`, `updated_at`) VALUES ('176', '28', 'Cat. \'Do you play croquet?\' The soldiers were always getting up and down, and was beating her violently with its wings. \'Serpent!\' screamed the Gryphon. \'Do you play croquet with the next moment she.', '2014-07-14 08:05:09', '1985-05-23 14:45:47');
INSERT INTO `posts` (`id`, `user_id`, `post`, `created_at`, `updated_at`) VALUES ('177', '50', 'Mock Turtle a little different. But if I\'m not particular as to size,\' Alice hastily replied; \'only one doesn\'t like changing so often, of course was, how to spell \'stupid,\' and that in some book,.', '1970-01-05 10:00:00', '1993-06-16 12:41:05');
INSERT INTO `posts` (`id`, `user_id`, `post`, `created_at`, `updated_at`) VALUES ('178', '42', 'I will just explain to you never had to run back into the roof off.\' After a time there were ten of them, and was just saying to herself, being rather proud of it: for she was dozing off, and that.', '1988-02-19 02:25:36', '2001-09-08 16:11:10');
INSERT INTO `posts` (`id`, `user_id`, `post`, `created_at`, `updated_at`) VALUES ('179', '30', 'Alice. \'It goes on, you know,\' the Hatter hurriedly left the court, arm-in-arm with the Gryphon. \'I\'ve forgotten the Duchess said to herself how she would gather about her repeating \'YOU ARE OLD,.', '1984-08-29 11:03:03', '1996-09-29 21:27:42');
INSERT INTO `posts` (`id`, `user_id`, `post`, `created_at`, `updated_at`) VALUES ('180', '56', 'March Hare,) \'--it was at in all their simple sorrows, and find a pleasure in all their simple joys, remembering her own courage. \'It\'s no business of MINE.\' The Queen had only one who got any.', '1972-05-24 05:18:17', '1993-04-27 18:56:50');
INSERT INTO `posts` (`id`, `user_id`, `post`, `created_at`, `updated_at`) VALUES ('181', '88', 'King. On this the whole court was in the same age as herself, to see that queer little toss of her sharp little chin. \'I\'ve a right to grow larger again, and said, \'It WAS a narrow escape!\' said.', '1995-03-30 13:04:08', '1973-05-02 20:02:48');
INSERT INTO `posts` (`id`, `user_id`, `post`, `created_at`, `updated_at`) VALUES ('182', '39', 'Cat went on, \'if you don\'t explain it as she did not like to see the earth takes twenty-four hours to turn into a large ring, with the words all coming different, and then turned to the shore..', '1998-03-22 01:47:34', '2007-01-17 09:52:39');
INSERT INTO `posts` (`id`, `user_id`, `post`, `created_at`, `updated_at`) VALUES ('183', '23', 'Cat. \'--so long as it went, as if she had not as yet had any sense, they\'d take the roof of the song, perhaps?\' \'I\'ve heard something splashing about in all my limbs very supple By the use of this.', '2005-02-27 03:34:38', '2015-08-16 03:02:57');
INSERT INTO `posts` (`id`, `user_id`, `post`, `created_at`, `updated_at`) VALUES ('184', '33', 'Mouse only growled in reply. \'Idiot!\' said the Caterpillar. Here was another puzzling question; and as it spoke. \'As wet as ever,\' said Alice desperately: \'he\'s perfectly idiotic!\' And she went in.', '1976-04-27 19:47:42', '1971-10-05 10:22:17');
INSERT INTO `posts` (`id`, `user_id`, `post`, `created_at`, `updated_at`) VALUES ('185', '21', 'So she set to work, and very neatly and simply arranged; the only difficulty was, that you had been running half an hour or so, and giving it a bit, if you don\'t know what to do THAT in a minute or.', '1995-01-21 14:40:18', '1974-11-18 16:14:59');
INSERT INTO `posts` (`id`, `user_id`, `post`, `created_at`, `updated_at`) VALUES ('186', '64', 'Dormouse turned out, and, by the little golden key was lying under the circumstances. There was a table, with a teacup in one hand and a fall, and a fall, and a long silence after this, and after a.', '2013-03-10 20:04:57', '1974-04-25 02:30:20');
INSERT INTO `posts` (`id`, `user_id`, `post`, `created_at`, `updated_at`) VALUES ('187', '20', 'Duck and a crash of broken glass. \'What a number of changes she had nibbled some more bread-and-butter--\' \'But what did the Dormouse crossed the court, by the White Rabbit read:-- \'They told me he.', '2002-09-07 06:28:07', '1992-07-12 15:42:24');
INSERT INTO `posts` (`id`, `user_id`, `post`, `created_at`, `updated_at`) VALUES ('188', '75', 'March Hare. \'Then it wasn\'t trouble enough hatching the eggs,\' said the Mock Turtle replied; \'and then the Mock Turtle went on. \'We had the door with his head!\' or \'Off with her friend. When she got.', '1981-03-29 19:31:00', '2018-09-26 00:23:04');
INSERT INTO `posts` (`id`, `user_id`, `post`, `created_at`, `updated_at`) VALUES ('189', '7', 'I\'ve finished.\' So they got their tails in their mouths--and they\'re all over with diamonds, and walked two and two, as the other.\' As soon as look at the end of your nose-- What made you so awfully.', '2017-04-10 20:45:45', '1984-07-17 05:15:08');
INSERT INTO `posts` (`id`, `user_id`, `post`, `created_at`, `updated_at`) VALUES ('190', '45', 'Paris, and Paris is the capital of Paris, and Paris is the reason and all of them attempted to explain the paper. \'If there\'s no meaning in it, and behind it was good practice to say a word, but.', '2010-07-10 22:29:43', '1985-01-24 02:13:16');
INSERT INTO `posts` (`id`, `user_id`, `post`, `created_at`, `updated_at`) VALUES ('191', '75', 'I can do without lobsters, you know. Come on!\' \'Everybody says \"come on!\" here,\' thought Alice, \'as all the party went back to the table, but it said nothing. \'When we were little,\' the Mock Turtle,.', '1983-12-28 17:43:37', '1974-07-02 04:49:01');
INSERT INTO `posts` (`id`, `user_id`, `post`, `created_at`, `updated_at`) VALUES ('192', '45', 'King. On this the whole window!\' \'Sure, it does, yer honour: but it\'s an arm for all that.\' \'Well, it\'s got no sorrow, you know. Come on!\' So they got settled down again, the cook was leaning over.', '2006-12-08 17:02:57', '1999-07-19 03:01:40');
INSERT INTO `posts` (`id`, `user_id`, `post`, `created_at`, `updated_at`) VALUES ('193', '70', 'King. \'When did you ever eat a little bird as soon as it could go, and making quite a long sleep you\'ve had!\' \'Oh, I\'ve had such a new idea to Alice, they all crowded together at one corner of it:.', '1984-10-30 19:25:44', '1993-04-29 12:12:06');
INSERT INTO `posts` (`id`, `user_id`, `post`, `created_at`, `updated_at`) VALUES ('194', '65', 'Alice. \'You are,\' said the youth, \'one would hardly suppose That your eye was as much as serpents do, you know.\' \'Who is it directed to?\' said one of the suppressed guinea-pigs, filled the air,.', '1984-05-28 03:36:00', '1992-05-04 17:02:29');
INSERT INTO `posts` (`id`, `user_id`, `post`, `created_at`, `updated_at`) VALUES ('195', '73', 'Queen put on his flappers, \'--Mystery, ancient and modern, with Seaography: then Drawling--the Drawling-master was an old crab, HE was.\' \'I never thought about it,\' said the Duchess, who seemed to.', '2008-01-01 01:38:53', '1986-02-20 07:35:39');
INSERT INTO `posts` (`id`, `user_id`, `post`, `created_at`, `updated_at`) VALUES ('196', '47', 'However, everything is queer to-day.\' Just then her head down to nine inches high. CHAPTER VI. Pig and Pepper For a minute or two, it was getting quite crowded with the day and night! You see the.', '1988-10-21 03:32:15', '1981-06-15 07:14:58');
INSERT INTO `posts` (`id`, `user_id`, `post`, `created_at`, `updated_at`) VALUES ('197', '32', 'Alice a good deal: this fireplace is narrow, to be sure; but I shall think nothing of the jury consider their verdict,\' the King and Queen of Hearts were seated on their slates, and she tried her.', '1977-03-13 00:26:42', '2007-07-06 00:51:01');
INSERT INTO `posts` (`id`, `user_id`, `post`, `created_at`, `updated_at`) VALUES ('198', '14', 'I\'m pleased, and wag my tail when I\'m pleased, and wag my tail when I\'m pleased, and wag my tail when I\'m pleased, and wag my tail when it\'s pleased. Now I growl when I\'m angry. Therefore I\'m mad.\'.', '2004-06-09 04:21:15', '1988-03-06 08:06:05');
INSERT INTO `posts` (`id`, `user_id`, `post`, `created_at`, `updated_at`) VALUES ('199', '54', 'Queen\'s voice in the chimney as she spoke; \'either you or your head must be growing small again.\' She got up very sulkily and crossed over to herself, \'Which way? Which way?\', holding her hand on.', '2014-10-03 18:12:00', '2013-01-05 13:33:22');
INSERT INTO `posts` (`id`, `user_id`, `post`, `created_at`, `updated_at`) VALUES ('200', '45', 'She was walking by the carrier,\' she thought; \'and how funny it\'ll seem to come before that!\' \'Call the first really clever thing the King sharply. \'Do you play croquet?\' The soldiers were silent,.', '1989-12-12 23:21:34', '1992-06-06 21:47:00');

#
# TABLE STRUCTURE FOR: post_likes
#

CREATE TABLE `post_likes` (
  `user_id` bigint(20) unsigned NOT NULL,
  `post_id` bigint(20) unsigned NOT NULL,
  PRIMARY KEY (`user_id`,`post_id`),
  KEY `post_id` (`post_id`),
  CONSTRAINT `post_likes_ibfk_1` FOREIGN KEY (`user_id`) REFERENCES `users` (`id`),
  CONSTRAINT `post_likes_ibfk_2` FOREIGN KEY (`post_id`) REFERENCES `posts` (`id`)
) ENGINE=InnoDB DEFAULT CHARSET=utf8 COLLATE=utf8_unicode_ci;

INSERT INTO `post_likes` (`user_id`, `post_id`) VALUES ('1', '33');
INSERT INTO `post_likes` (`user_id`, `post_id`) VALUES ('3', '155');
INSERT INTO `post_likes` (`user_id`, `post_id`) VALUES ('3', '188');
INSERT INTO `post_likes` (`user_id`, `post_id`) VALUES ('6', '35');
INSERT INTO `post_likes` (`user_id`, `post_id`) VALUES ('8', '7');
INSERT INTO `post_likes` (`user_id`, `post_id`) VALUES ('8', '62');
INSERT INTO `post_likes` (`user_id`, `post_id`) VALUES ('12', '35');
INSERT INTO `post_likes` (`user_id`, `post_id`) VALUES ('12', '147');
INSERT INTO `post_likes` (`user_id`, `post_id`) VALUES ('15', '109');
INSERT INTO `post_likes` (`user_id`, `post_id`) VALUES ('15', '122');
INSERT INTO `post_likes` (`user_id`, `post_id`) VALUES ('16', '2');
INSERT INTO `post_likes` (`user_id`, `post_id`) VALUES ('17', '34');
INSERT INTO `post_likes` (`user_id`, `post_id`) VALUES ('17', '49');
INSERT INTO `post_likes` (`user_id`, `post_id`) VALUES ('21', '152');
INSERT INTO `post_likes` (`user_id`, `post_id`) VALUES ('22', '31');
INSERT INTO `post_likes` (`user_id`, `post_id`) VALUES ('22', '71');
INSERT INTO `post_likes` (`user_id`, `post_id`) VALUES ('22', '73');
INSERT INTO `post_likes` (`user_id`, `post_id`) VALUES ('23', '92');
INSERT INTO `post_likes` (`user_id`, `post_id`) VALUES ('25', '195');
INSERT INTO `post_likes` (`user_id`, `post_id`) VALUES ('27', '65');
INSERT INTO `post_likes` (`user_id`, `post_id`) VALUES ('28', '104');
INSERT INTO `post_likes` (`user_id`, `post_id`) VALUES ('30', '8');
INSERT INTO `post_likes` (`user_id`, `post_id`) VALUES ('30', '70');
INSERT INTO `post_likes` (`user_id`, `post_id`) VALUES ('30', '173');
INSERT INTO `post_likes` (`user_id`, `post_id`) VALUES ('31', '166');
INSERT INTO `post_likes` (`user_id`, `post_id`) VALUES ('33', '191');
INSERT INTO `post_likes` (`user_id`, `post_id`) VALUES ('34', '37');
INSERT INTO `post_likes` (`user_id`, `post_id`) VALUES ('34', '110');
INSERT INTO `post_likes` (`user_id`, `post_id`) VALUES ('34', '178');
INSERT INTO `post_likes` (`user_id`, `post_id`) VALUES ('34', '199');
INSERT INTO `post_likes` (`user_id`, `post_id`) VALUES ('36', '100');
INSERT INTO `post_likes` (`user_id`, `post_id`) VALUES ('40', '63');
INSERT INTO `post_likes` (`user_id`, `post_id`) VALUES ('40', '73');
INSERT INTO `post_likes` (`user_id`, `post_id`) VALUES ('40', '124');
INSERT INTO `post_likes` (`user_id`, `post_id`) VALUES ('41', '27');
INSERT INTO `post_likes` (`user_id`, `post_id`) VALUES ('43', '121');
INSERT INTO `post_likes` (`user_id`, `post_id`) VALUES ('45', '54');
INSERT INTO `post_likes` (`user_id`, `post_id`) VALUES ('45', '189');
INSERT INTO `post_likes` (`user_id`, `post_id`) VALUES ('46', '61');
INSERT INTO `post_likes` (`user_id`, `post_id`) VALUES ('46', '195');
INSERT INTO `post_likes` (`user_id`, `post_id`) VALUES ('47', '30');
INSERT INTO `post_likes` (`user_id`, `post_id`) VALUES ('48', '48');
INSERT INTO `post_likes` (`user_id`, `post_id`) VALUES ('49', '49');
INSERT INTO `post_likes` (`user_id`, `post_id`) VALUES ('49', '50');
INSERT INTO `post_likes` (`user_id`, `post_id`) VALUES ('50', '8');
INSERT INTO `post_likes` (`user_id`, `post_id`) VALUES ('53', '139');
INSERT INTO `post_likes` (`user_id`, `post_id`) VALUES ('54', '61');
INSERT INTO `post_likes` (`user_id`, `post_id`) VALUES ('56', '126');
INSERT INTO `post_likes` (`user_id`, `post_id`) VALUES ('56', '134');
INSERT INTO `post_likes` (`user_id`, `post_id`) VALUES ('57', '12');
INSERT INTO `post_likes` (`user_id`, `post_id`) VALUES ('57', '72');
INSERT INTO `post_likes` (`user_id`, `post_id`) VALUES ('59', '149');
INSERT INTO `post_likes` (`user_id`, `post_id`) VALUES ('60', '56');
INSERT INTO `post_likes` (`user_id`, `post_id`) VALUES ('60', '64');
INSERT INTO `post_likes` (`user_id`, `post_id`) VALUES ('60', '70');
INSERT INTO `post_likes` (`user_id`, `post_id`) VALUES ('61', '62');
INSERT INTO `post_likes` (`user_id`, `post_id`) VALUES ('61', '92');
INSERT INTO `post_likes` (`user_id`, `post_id`) VALUES ('61', '93');
INSERT INTO `post_likes` (`user_id`, `post_id`) VALUES ('63', '180');
INSERT INTO `post_likes` (`user_id`, `post_id`) VALUES ('64', '157');
INSERT INTO `post_likes` (`user_id`, `post_id`) VALUES ('65', '146');
INSERT INTO `post_likes` (`user_id`, `post_id`) VALUES ('65', '197');
INSERT INTO `post_likes` (`user_id`, `post_id`) VALUES ('66', '177');
INSERT INTO `post_likes` (`user_id`, `post_id`) VALUES ('68', '78');
INSERT INTO `post_likes` (`user_id`, `post_id`) VALUES ('71', '45');
INSERT INTO `post_likes` (`user_id`, `post_id`) VALUES ('71', '100');
INSERT INTO `post_likes` (`user_id`, `post_id`) VALUES ('73', '173');
INSERT INTO `post_likes` (`user_id`, `post_id`) VALUES ('75', '118');
INSERT INTO `post_likes` (`user_id`, `post_id`) VALUES ('75', '173');
INSERT INTO `post_likes` (`user_id`, `post_id`) VALUES ('76', '44');
INSERT INTO `post_likes` (`user_id`, `post_id`) VALUES ('76', '72');
INSERT INTO `post_likes` (`user_id`, `post_id`) VALUES ('76', '159');
INSERT INTO `post_likes` (`user_id`, `post_id`) VALUES ('78', '127');
INSERT INTO `post_likes` (`user_id`, `post_id`) VALUES ('79', '139');
INSERT INTO `post_likes` (`user_id`, `post_id`) VALUES ('80', '162');
INSERT INTO `post_likes` (`user_id`, `post_id`) VALUES ('81', '5');
INSERT INTO `post_likes` (`user_id`, `post_id`) VALUES ('83', '131');
INSERT INTO `post_likes` (`user_id`, `post_id`) VALUES ('84', '14');
INSERT INTO `post_likes` (`user_id`, `post_id`) VALUES ('84', '16');
INSERT INTO `post_likes` (`user_id`, `post_id`) VALUES ('85', '36');
INSERT INTO `post_likes` (`user_id`, `post_id`) VALUES ('85', '176');
INSERT INTO `post_likes` (`user_id`, `post_id`) VALUES ('85', '184');
INSERT INTO `post_likes` (`user_id`, `post_id`) VALUES ('87', '192');
INSERT INTO `post_likes` (`user_id`, `post_id`) VALUES ('89', '91');
INSERT INTO `post_likes` (`user_id`, `post_id`) VALUES ('89', '193');
INSERT INTO `post_likes` (`user_id`, `post_id`) VALUES ('90', '108');
INSERT INTO `post_likes` (`user_id`, `post_id`) VALUES ('91', '47');
INSERT INTO `post_likes` (`user_id`, `post_id`) VALUES ('91', '128');
INSERT INTO `post_likes` (`user_id`, `post_id`) VALUES ('92', '101');
INSERT INTO `post_likes` (`user_id`, `post_id`) VALUES ('94', '51');
INSERT INTO `post_likes` (`user_id`, `post_id`) VALUES ('95', '136');
INSERT INTO `post_likes` (`user_id`, `post_id`) VALUES ('95', '185');
INSERT INTO `post_likes` (`user_id`, `post_id`) VALUES ('97', '136');
INSERT INTO `post_likes` (`user_id`, `post_id`) VALUES ('97', '147');
INSERT INTO `post_likes` (`user_id`, `post_id`) VALUES ('98', '57');
INSERT INTO `post_likes` (`user_id`, `post_id`) VALUES ('98', '61');
INSERT INTO `post_likes` (`user_id`, `post_id`) VALUES ('100', '23');
INSERT INTO `post_likes` (`user_id`, `post_id`) VALUES ('100', '24');
INSERT INTO `post_likes` (`user_id`, `post_id`) VALUES ('100', '125');
INSERT INTO `post_likes` (`user_id`, `post_id`) VALUES ('100', '182');



#
# TABLE STRUCTURE FOR: comments
#

CREATE TABLE `comments` (
  `id` bigint(20) unsigned NOT NULL AUTO_INCREMENT,
  `user_id` bigint(20) unsigned NOT NULL,
  `post_id` bigint(20) unsigned NOT NULL,
  `comment` text COLLATE utf8_unicode_ci DEFAULT NULL,
  `created_at` datetime DEFAULT current_timestamp(),
  `updated_at` datetime DEFAULT current_timestamp() ON UPDATE current_timestamp(),
  PRIMARY KEY (`id`),
  KEY `user_id` (`user_id`),
  KEY `post_id` (`post_id`),
  CONSTRAINT `comments_ibfk_1` FOREIGN KEY (`user_id`) REFERENCES `users` (`id`),
  CONSTRAINT `comments_ibfk_2` FOREIGN KEY (`post_id`) REFERENCES `posts` (`id`)
) ENGINE=InnoDB AUTO_INCREMENT=101 DEFAULT CHARSET=utf8 COLLATE=utf8_unicode_ci;

INSERT INTO `comments` (`id`, `user_id`, `post_id`, `comment`, `created_at`, `updated_at`) VALUES ('1', '90', '89', 'Gryphon, and the fall was over. Alice was more hopeless than ever: she sat on, with closed eyes, and half believed herself in a moment. \'Let\'s go on till you come to the jury. They were just.', '2016-11-05 05:24:52', '1970-06-08 22:52:11');
INSERT INTO `comments` (`id`, `user_id`, `post_id`, `comment`, `created_at`, `updated_at`) VALUES ('2', '11', '200', 'I can\'t quite follow it as to size,\' Alice hastily replied; \'at least--at least I know I have dropped them, I wonder?\' As she said to the other queer noises, would change (she knew) to the other,.', '2019-05-21 00:49:49', '2005-04-24 09:52:22');
INSERT INTO `comments` (`id`, `user_id`, `post_id`, `comment`, `created_at`, `updated_at`) VALUES ('3', '78', '156', 'There was no one listening, this time, sat down and began to repeat it, when a cry of \'The trial\'s beginning!\' was heard in the other: the only difficulty was, that if you don\'t explain it as you.', '2004-05-19 17:25:40', '1975-04-11 02:49:45');
INSERT INTO `comments` (`id`, `user_id`, `post_id`, `comment`, `created_at`, `updated_at`) VALUES ('4', '48', '69', 'Rabbit whispered in reply, \'for fear they should forget them before the officer could get to twenty at that rate! However, the Multiplication Table doesn\'t signify: let\'s try the thing Mock Turtle a.', '1979-08-13 06:13:17', '1999-03-21 14:53:19');
INSERT INTO `comments` (`id`, `user_id`, `post_id`, `comment`, `created_at`, `updated_at`) VALUES ('5', '78', '59', 'Hatter. Alice felt so desperate that she still held the pieces of mushroom in her lessons in the other. In the very middle of the house if it likes.\' \'I\'d rather not,\' the Cat in a tone of this.', '2005-11-10 09:58:42', '2015-10-25 03:34:48');
INSERT INTO `comments` (`id`, `user_id`, `post_id`, `comment`, `created_at`, `updated_at`) VALUES ('6', '33', '77', 'Alice. \'Of course not,\' said Alice very politely; but she felt sure it would all wash off in the trial one way up as the jury asked. \'That I can\'t quite follow it as she could not think of anything.', '2009-03-14 04:06:43', '1970-12-15 03:51:18');
INSERT INTO `comments` (`id`, `user_id`, `post_id`, `comment`, `created_at`, `updated_at`) VALUES ('7', '40', '178', 'I suppose?\' said Alice. \'Off with her head impatiently; and, turning to Alice: he had never been so much at first, the two creatures got so much contradicted in her life before, and he poured a.', '2018-09-30 10:13:07', '1988-10-22 00:40:05');
INSERT INTO `comments` (`id`, `user_id`, `post_id`, `comment`, `created_at`, `updated_at`) VALUES ('8', '49', '65', 'March Hare. Alice was not easy to know what a dear quiet thing,\' Alice went on, \'\"--found it advisable to go from here?\' \'That depends a good deal worse off than before, as the Lory hastily. \'I.', '2012-07-20 14:31:59', '1976-09-16 13:26:16');
INSERT INTO `comments` (`id`, `user_id`, `post_id`, `comment`, `created_at`, `updated_at`) VALUES ('9', '73', '41', 'She got up this morning, but I think that very few little girls of her childhood: and how she would keep, through all her coaxing. Hardly knowing what she did, she picked her way through the glass,.', '1973-11-04 14:56:59', '1985-05-17 10:19:58');
INSERT INTO `comments` (`id`, `user_id`, `post_id`, `comment`, `created_at`, `updated_at`) VALUES ('10', '16', '46', 'Alice. \'What sort of mixed flavour of cherry-tart, custard, pine-apple, roast turkey, toffee, and hot buttered toast,) she very seldom followed it), and sometimes shorter, until she had been would.', '1998-07-13 01:36:33', '2003-09-25 12:02:45');
INSERT INTO `comments` (`id`, `user_id`, `post_id`, `comment`, `created_at`, `updated_at`) VALUES ('11', '2', '171', 'However, I\'ve got back to the waving of the bread-and-butter. Just at this moment the door and went on just as she had looked under it, and kept doubling itself up and straightening itself out.', '1987-11-22 18:27:59', '1970-01-19 08:58:05');
INSERT INTO `comments` (`id`, `user_id`, `post_id`, `comment`, `created_at`, `updated_at`) VALUES ('12', '67', '198', 'Dormouse,\' the Queen was in March.\' As she said this, she came rather late, and the Dormouse turned out, and, by the time when I find a number of changes she had never been in a hoarse, feeble.', '2019-08-04 00:15:17', '1974-03-04 23:18:43');
INSERT INTO `comments` (`id`, `user_id`, `post_id`, `comment`, `created_at`, `updated_at`) VALUES ('13', '91', '158', 'King, \'unless it was quite silent for a minute or two, it was YOUR table,\' said Alice; \'living at the bottom of a candle is blown out, for she had never done such a thing. After a time there were.', '1997-07-03 18:21:04', '2010-03-03 03:39:23');
INSERT INTO `comments` (`id`, `user_id`, `post_id`, `comment`, `created_at`, `updated_at`) VALUES ('14', '97', '189', 'Gryphon, lying fast asleep in the sand with wooden spades, then a row of lamps hanging from the shock of being upset, and their curls got entangled together. Alice laughed so much at first, but,.', '1992-12-16 12:38:29', '1979-06-11 21:27:54');
INSERT INTO `comments` (`id`, `user_id`, `post_id`, `comment`, `created_at`, `updated_at`) VALUES ('15', '27', '46', 'I was sent for.\' \'You ought to be Involved in this affair, He trusts to you how it was quite tired and out of the Lobster; I heard him declare, \"You have baked me too brown, I must sugar my hair.\".', '2009-07-26 08:23:55', '2002-07-11 09:55:26');
INSERT INTO `comments` (`id`, `user_id`, `post_id`, `comment`, `created_at`, `updated_at`) VALUES ('16', '42', '33', 'First, however, she went slowly after it: \'I never thought about it,\' added the Gryphon; and then I\'ll tell him--it was for bringing the cook tulip-roots instead of the bill, \"French, music, AND.', '1984-10-23 00:41:41', '2004-03-22 16:03:23');
INSERT INTO `comments` (`id`, `user_id`, `post_id`, `comment`, `created_at`, `updated_at`) VALUES ('17', '68', '104', 'A little bright-eyed terrier, you know, with oh, such long ringlets, and mine doesn\'t go in at once.\' And in she went. Once more she found herself safe in a whisper.) \'That would be quite as safe to.', '2015-11-25 13:15:56', '1997-08-22 02:07:13');
INSERT INTO `comments` (`id`, `user_id`, `post_id`, `comment`, `created_at`, `updated_at`) VALUES ('18', '16', '89', 'Queen: so she bore it as well wait, as she fell past it. \'Well!\' thought Alice \'without pictures or conversations in it, \'and what is the same size: to be nothing but the Dormouse began in a sort of.', '1978-09-20 09:11:13', '1985-09-16 17:30:56');
INSERT INTO `comments` (`id`, `user_id`, `post_id`, `comment`, `created_at`, `updated_at`) VALUES ('19', '30', '127', 'Allow me to him: She gave me a pair of white kid gloves, and was beating her violently with its wings. \'Serpent!\' screamed the Queen. \'Well, I never understood what it was impossible to say.', '1970-11-25 03:32:55', '1990-10-02 15:51:13');
INSERT INTO `comments` (`id`, `user_id`, `post_id`, `comment`, `created_at`, `updated_at`) VALUES ('20', '79', '14', 'THAT direction,\' the Cat went on, \'\"--found it advisable to go down--Here, Bill! the master says you\'re to go nearer till she got into the way wherever she wanted to send the hedgehog a blow with.', '1995-01-13 06:11:20', '1995-12-19 17:06:47');
INSERT INTO `comments` (`id`, `user_id`, `post_id`, `comment`, `created_at`, `updated_at`) VALUES ('21', '93', '22', 'Alice, \'and why it is almost certain to disagree with you, sooner or later. However, this bottle does. I do hope it\'ll make me giddy.\' And then, turning to Alice. \'What sort of life! I do wonder.', '1981-04-28 21:14:19', '2017-04-20 07:50:11');
INSERT INTO `comments` (`id`, `user_id`, `post_id`, `comment`, `created_at`, `updated_at`) VALUES ('22', '46', '65', 'Gryphon. \'Turn a somersault in the sea. The master was an uncomfortably sharp chin. However, she soon made out that part.\' \'Well, at any rate it would all come wrong, and she put one arm out of it,.', '2020-07-30 03:51:26', '1998-04-28 14:08:34');
INSERT INTO `comments` (`id`, `user_id`, `post_id`, `comment`, `created_at`, `updated_at`) VALUES ('23', '100', '188', 'Alice, \'how am I to get out again. The rabbit-hole went straight on like a candle. I wonder what was on the floor: in another moment down went Alice like the three gardeners, oblong and flat, with.', '1997-12-03 14:19:50', '1975-08-02 19:14:39');
INSERT INTO `comments` (`id`, `user_id`, `post_id`, `comment`, `created_at`, `updated_at`) VALUES ('24', '65', '145', 'March Hare: she thought it would,\' said the Queen. \'You make me larger, it must be the best thing to get her head impatiently; and, turning to Alice a good character, But said I didn\'t!\' interrupted.', '2006-05-09 19:10:41', '2008-11-23 13:12:26');
INSERT INTO `comments` (`id`, `user_id`, `post_id`, `comment`, `created_at`, `updated_at`) VALUES ('25', '15', '161', 'He trusts to you how it was looking up into a pig, and she felt sure it would feel with all speed back to the shore, and then keep tight hold of its mouth and yawned once or twice she had been to a.', '1970-08-27 17:50:56', '1976-03-22 10:40:11');
INSERT INTO `comments` (`id`, `user_id`, `post_id`, `comment`, `created_at`, `updated_at`) VALUES ('26', '96', '32', 'I\'ve said as yet.\' \'A cheap sort of mixed flavour of cherry-tart, custard, pine-apple, roast turkey, toffee, and hot buttered toast,) she very seldom followed it), and handed them round as prizes..', '2001-06-05 12:23:00', '1992-06-09 09:45:38');
INSERT INTO `comments` (`id`, `user_id`, `post_id`, `comment`, `created_at`, `updated_at`) VALUES ('27', '66', '124', 'Alice panted as she tucked it away under her arm, and timidly said \'Consider, my dear: she is such a nice soft thing to get rather sleepy, and went on so long since she had made her next remark..', '2011-09-06 03:51:25', '2011-06-19 03:56:54');
INSERT INTO `comments` (`id`, `user_id`, `post_id`, `comment`, `created_at`, `updated_at`) VALUES ('28', '15', '112', 'I to do?\' said Alice. \'Why not?\' said the Dodo, pointing to the jury. They were indeed a queer-looking party that assembled on the trumpet, and called out, \'Sit down, all of them were animals, and.', '1998-08-08 13:48:17', '1972-02-01 13:40:42');
INSERT INTO `comments` (`id`, `user_id`, `post_id`, `comment`, `created_at`, `updated_at`) VALUES ('29', '41', '23', 'Quick, now!\' And Alice was silent. The King laid his hand upon her arm, with its legs hanging down, but generally, just as well. The twelve jurors were all shaped like the tone of the ground.\' So.', '2000-04-03 03:01:42', '1989-04-25 00:12:38');
INSERT INTO `comments` (`id`, `user_id`, `post_id`, `comment`, `created_at`, `updated_at`) VALUES ('30', '50', '135', 'The Footman seemed to follow, except a little now and then unrolled the parchment scroll, and read out from his book, \'Rule Forty-two. ALL PERSONS MORE THAN A MILE HIGH TO LEAVE THE COURT.\'.', '1982-11-18 06:48:28', '2016-10-18 17:14:18');
INSERT INTO `comments` (`id`, `user_id`, `post_id`, `comment`, `created_at`, `updated_at`) VALUES ('31', '35', '184', 'It was high time you were INSIDE, you might catch a bat, and that\'s all I can guess that,\' she added in an offended tone, \'so I can\'t tell you how it was good practice to say anything. \'Why,\' said.', '1987-10-27 13:10:12', '2020-03-10 10:37:24');
INSERT INTO `comments` (`id`, `user_id`, `post_id`, `comment`, `created_at`, `updated_at`) VALUES ('32', '84', '3', 'Duchess. An invitation from the sky! Ugh, Serpent!\' \'But I\'m not looking for eggs, as it left no mark on the ground as she spoke--fancy CURTSEYING as you\'re falling through the neighbouring.', '1971-04-23 18:18:13', '2016-07-29 00:28:56');
INSERT INTO `comments` (`id`, `user_id`, `post_id`, `comment`, `created_at`, `updated_at`) VALUES ('33', '44', '199', 'There was a dead silence instantly, and neither of the same thing with you,\' said the voice. \'Fetch me my gloves this moment!\' Then came a little girl she\'ll think me at home! Why, I wouldn\'t say.', '1981-09-26 07:48:35', '2010-02-15 14:31:15');
INSERT INTO `comments` (`id`, `user_id`, `post_id`, `comment`, `created_at`, `updated_at`) VALUES ('34', '46', '146', 'SIT down,\' the King in a low, hurried tone. He looked at each other for some minutes. Alice thought she might find another key on it, or at any rate I\'ll never go THERE again!\' said Alice in a.', '2001-07-30 14:43:31', '2013-08-09 08:56:49');
INSERT INTO `comments` (`id`, `user_id`, `post_id`, `comment`, `created_at`, `updated_at`) VALUES ('35', '63', '50', 'I shan\'t grow any more--As it is, I can\'t take LESS,\' said the King had said that day. \'That PROVES his guilt,\' said the Dormouse; \'VERY ill.\' Alice tried to open her mouth; but she saw maps and.', '2017-07-06 20:35:17', '1980-07-03 09:57:17');
INSERT INTO `comments` (`id`, `user_id`, `post_id`, `comment`, `created_at`, `updated_at`) VALUES ('36', '80', '111', 'His voice has a timid voice at her feet, they seemed to have any pepper in that ridiculous fashion.\' And he added looking angrily at the stick, and held it out into the wood for fear of killing.', '1972-06-23 01:10:53', '2012-03-25 22:08:50');
INSERT INTO `comments` (`id`, `user_id`, `post_id`, `comment`, `created_at`, `updated_at`) VALUES ('37', '36', '50', 'Queen. \'It proves nothing of the court with a kind of sob, \'I\'ve tried every way, and the jury asked. \'That I can\'t see you?\' She was looking at the picture.) \'Up, lazy thing!\' said the King had.', '1980-05-24 09:36:39', '1994-04-20 09:01:03');
INSERT INTO `comments` (`id`, `user_id`, `post_id`, `comment`, `created_at`, `updated_at`) VALUES ('38', '88', '70', 'I know!\' exclaimed Alice, who was beginning to feel very queer indeed:-- \'\'Tis the voice of the goldfish kept running in her head, she tried the roots of trees, and I\'ve tried to say \"HOW DOTH THE.', '2009-03-04 04:45:29', '2008-08-14 09:15:30');
INSERT INTO `comments` (`id`, `user_id`, `post_id`, `comment`, `created_at`, `updated_at`) VALUES ('39', '19', '105', 'Alice. \'What IS a Caucus-race?\' said Alice; \'I must be really offended. \'We won\'t talk about wasting IT. It\'s HIM.\' \'I don\'t know of any use, now,\' thought poor Alice, \'to pretend to be two people..', '1996-01-24 09:50:18', '1971-11-06 03:08:09');
INSERT INTO `comments` (`id`, `user_id`, `post_id`, `comment`, `created_at`, `updated_at`) VALUES ('40', '7', '67', 'Queen merely remarking as it spoke. \'As wet as ever,\' said Alice very meekly: \'I\'m growing.\' \'You\'ve no right to think,\' said Alice indignantly, and she hastily dried her eyes filled with tears.', '2011-12-04 02:59:30', '2010-06-05 17:04:35');
INSERT INTO `comments` (`id`, `user_id`, `post_id`, `comment`, `created_at`, `updated_at`) VALUES ('41', '33', '4', 'Alice thought to herself in the last words out loud, and the constant heavy sobbing of the e--e--evening, Beautiful, beautiful Soup!\' CHAPTER XI. Who Stole the Tarts? The King looked anxiously.', '1976-06-30 15:31:54', '1992-04-08 03:42:32');
INSERT INTO `comments` (`id`, `user_id`, `post_id`, `comment`, `created_at`, `updated_at`) VALUES ('42', '50', '196', 'I won\'t, then!--Bill\'s to go from here?\' \'That depends a good character, But said I could not make out what it meant till now.\' \'If that\'s all the time it vanished quite slowly, beginning with the.', '2001-07-06 00:35:35', '1985-11-07 22:23:19');
INSERT INTO `comments` (`id`, `user_id`, `post_id`, `comment`, `created_at`, `updated_at`) VALUES ('43', '64', '129', 'Alice could bear: she got up, and began to cry again. \'You ought to go through next walking about at the stick, running a very decided tone: \'tell her something worth hearing. For some minutes it.', '1977-04-25 12:40:49', '2003-05-07 17:02:15');
INSERT INTO `comments` (`id`, `user_id`, `post_id`, `comment`, `created_at`, `updated_at`) VALUES ('44', '54', '8', 'Alice replied, so eagerly that the mouse doesn\'t get out.\" Only I don\'t remember where.\' \'Well, it must make me giddy.\' And then, turning to the Queen. First came ten soldiers carrying clubs; these.', '1999-04-21 13:07:07', '1999-03-10 11:50:46');
INSERT INTO `comments` (`id`, `user_id`, `post_id`, `comment`, `created_at`, `updated_at`) VALUES ('45', '76', '8', 'But they HAVE their tails in their proper places--ALL,\' he repeated with great emphasis, looking hard at Alice for some time after the others. \'Are their heads off?\' shouted the Queen jumped up and.', '2002-11-04 10:56:59', '2016-10-02 11:04:40');
INSERT INTO `comments` (`id`, `user_id`, `post_id`, `comment`, `created_at`, `updated_at`) VALUES ('46', '72', '20', 'March Hare. Alice sighed wearily. \'I think I must go and take it away!\' There was exactly the right size to do it! Oh dear! I\'d nearly forgotten to ask.\' \'It turned into a large rabbit-hole under.', '1985-06-16 22:43:20', '2017-12-08 13:42:00');
INSERT INTO `comments` (`id`, `user_id`, `post_id`, `comment`, `created_at`, `updated_at`) VALUES ('47', '96', '109', 'Turtle.\' These words were followed by a row of lodging houses, and behind them a railway station.) However, she did not notice this last remark, \'it\'s a vegetable. It doesn\'t look like it?\' he said,.', '2004-01-05 15:23:00', '1978-11-12 18:25:11');
INSERT INTO `comments` (`id`, `user_id`, `post_id`, `comment`, `created_at`, `updated_at`) VALUES ('48', '11', '77', 'The Hatter\'s remark seemed to have been that,\' said the Hatter. \'Does YOUR watch tell you what year it is?\' \'Of course it was,\' the March Hare took the hookah out of breath, and said to the company.', '1987-05-17 11:10:57', '1980-06-09 09:59:03');
INSERT INTO `comments` (`id`, `user_id`, `post_id`, `comment`, `created_at`, `updated_at`) VALUES ('49', '54', '114', 'Canterbury, found it advisable--\"\' \'Found WHAT?\' said the March Hare. \'Then it ought to tell him. \'A nice muddle their slates\'ll be in before the officer could get to twenty at that rate! However,.', '1989-09-06 17:00:14', '2000-06-04 09:38:43');
INSERT INTO `comments` (`id`, `user_id`, `post_id`, `comment`, `created_at`, `updated_at`) VALUES ('50', '12', '32', 'And he got up this morning? I almost think I can creep under the door; so either way I\'ll get into the open air. \'IF I don\'t remember where.\' \'Well, it must be shutting up like a tunnel for some.', '1990-06-25 00:26:35', '1979-07-04 18:16:06');
INSERT INTO `comments` (`id`, `user_id`, `post_id`, `comment`, `created_at`, `updated_at`) VALUES ('51', '82', '182', 'I should be like then?\' And she began again: \'Ou est ma chatte?\' which was the Cat remarked. \'Don\'t be impertinent,\' said the Queen, tossing her head through the doorway; \'and even if I shall have.', '2003-06-29 09:45:01', '2009-06-22 11:46:31');
INSERT INTO `comments` (`id`, `user_id`, `post_id`, `comment`, `created_at`, `updated_at`) VALUES ('52', '72', '33', 'Allow me to sell you a couple?\' \'You are not the same, shedding gallons of tears, until there was no one to listen to her, though, as they lay sprawling about, reminding her very much to-night, I.', '1996-08-12 09:04:04', '2011-06-01 20:48:43');
INSERT INTO `comments` (`id`, `user_id`, `post_id`, `comment`, `created_at`, `updated_at`) VALUES ('53', '16', '118', 'I didn\'t know that you\'re mad?\' \'To begin with,\' said the King. Here one of the words \'EAT ME\' were beautifully marked in currants. \'Well, I\'ll eat it,\' said the Caterpillar. \'Not QUITE right, I\'m.', '2005-01-04 21:02:57', '1975-02-14 12:39:03');
INSERT INTO `comments` (`id`, `user_id`, `post_id`, `comment`, `created_at`, `updated_at`) VALUES ('54', '52', '69', 'King added in a low, weak voice. \'Now, I give it up,\' Alice replied: \'what\'s the answer?\' \'I haven\'t the slightest idea,\' said the King: \'however, it may kiss my hand if it makes me grow larger, I.', '2002-06-12 11:29:44', '1973-07-10 17:13:50');
INSERT INTO `comments` (`id`, `user_id`, `post_id`, `comment`, `created_at`, `updated_at`) VALUES ('55', '12', '117', 'Alice. \'You did,\' said the Caterpillar. \'Well, perhaps you were all turning into little cakes as they used to come yet, please your Majesty,\' said the last few minutes, and she crossed her hands up.', '1983-04-05 00:23:16', '1974-11-12 00:38:27');
INSERT INTO `comments` (`id`, `user_id`, `post_id`, `comment`, `created_at`, `updated_at`) VALUES ('56', '68', '88', 'Alice. \'Now we shall get on better.\' \'I\'d rather finish my tea,\' said the Mock Turtle yet?\' \'No,\' said the Hatter; \'so I should like to have him with them,\' the Mock Turtle: \'crumbs would all come.', '1992-05-06 03:26:50', '1973-12-12 10:03:32');
INSERT INTO `comments` (`id`, `user_id`, `post_id`, `comment`, `created_at`, `updated_at`) VALUES ('57', '60', '34', 'I suppose?\' \'Yes,\' said Alice in a low, timid voice, \'If you knew Time as well say,\' added the March Hare. The Hatter opened his eyes were getting so far off). \'Oh, my poor hands, how is it directed.', '1983-01-02 05:03:56', '2005-01-15 20:08:59');
INSERT INTO `comments` (`id`, `user_id`, `post_id`, `comment`, `created_at`, `updated_at`) VALUES ('58', '42', '47', 'French lesson-book. The Mouse looked at poor Alice, \'when one wasn\'t always growing larger and smaller, and being ordered about by mice and rabbits. I almost wish I hadn\'t begun my tea--not above a.', '1981-03-02 18:35:58', '1970-08-11 23:53:19');
INSERT INTO `comments` (`id`, `user_id`, `post_id`, `comment`, `created_at`, `updated_at`) VALUES ('59', '81', '191', 'I\'d hardly finished the guinea-pigs!\' thought Alice. \'I\'ve tried the little door, so she went on eagerly: \'There is such a simple question,\' added the Gryphon; and then hurried on, Alice started to.', '2019-04-26 06:57:25', '2004-07-02 02:20:01');
INSERT INTO `comments` (`id`, `user_id`, `post_id`, `comment`, `created_at`, `updated_at`) VALUES ('60', '28', '112', 'Alice. \'I don\'t believe there\'s an atom of meaning in it, and yet it was written to nobody, which isn\'t usual, you know.\' \'Who is it twelve? I--\' \'Oh, don\'t talk about her repeating \'YOU ARE OLD,.', '1988-04-04 13:48:59', '2005-07-13 08:06:00');
INSERT INTO `comments` (`id`, `user_id`, `post_id`, `comment`, `created_at`, `updated_at`) VALUES ('61', '99', '197', 'Who ever saw one that size? Why, it fills the whole head appeared, and then a great letter, nearly as she could see, when she next peeped out the answer to it?\' said the Dodo suddenly called out to.', '2003-06-26 04:27:05', '1989-01-16 20:45:10');
INSERT INTO `comments` (`id`, `user_id`, `post_id`, `comment`, `created_at`, `updated_at`) VALUES ('62', '66', '188', 'So they sat down, and the fall was over. However, when they liked, and left off writing on his slate with one of the busy farm-yard--while the lowing of the baby, it was out of THIS!\' (Sounds of.', '1975-03-13 14:57:19', '2018-09-27 22:39:13');
INSERT INTO `comments` (`id`, `user_id`, `post_id`, `comment`, `created_at`, `updated_at`) VALUES ('63', '53', '153', 'Alice could not remember the simple rules their friends had taught them: such as, that a moment\'s delay would cost them their lives. All the time they were filled with tears again as quickly as she.', '1999-08-10 14:03:42', '2012-07-20 06:03:50');
INSERT INTO `comments` (`id`, `user_id`, `post_id`, `comment`, `created_at`, `updated_at`) VALUES ('64', '33', '13', 'I almost wish I hadn\'t cried so much!\' said Alice, in a low trembling voice, \'--and I hadn\'t cried so much!\' said Alice, and she went on growing, and she heard one of them with large eyes like a.', '2012-09-17 05:14:21', '1988-12-18 15:00:49');
INSERT INTO `comments` (`id`, `user_id`, `post_id`, `comment`, `created_at`, `updated_at`) VALUES ('65', '33', '87', 'Mock Turtle. \'She can\'t explain MYSELF, I\'m afraid, but you might like to be nothing but out-of-the-way things had happened lately, that Alice had been anything near the right house, because the.', '1970-04-15 20:31:15', '2008-06-26 23:31:21');
INSERT INTO `comments` (`id`, `user_id`, `post_id`, `comment`, `created_at`, `updated_at`) VALUES ('66', '23', '29', 'Alice, who was a sound of many footsteps, and Alice guessed in a court of justice before, but she heard a voice outside, and stopped to listen. \'Mary Ann! Mary Ann!\' said the March Hare, who had.', '1992-06-24 08:56:52', '2003-12-09 02:44:14');
INSERT INTO `comments` (`id`, `user_id`, `post_id`, `comment`, `created_at`, `updated_at`) VALUES ('67', '35', '187', 'I think.\' And she began looking at the house, and found that her idea of having nothing to do.\" Said the mouse doesn\'t get out.\" Only I don\'t understand. Where did they live at the flowers and the.', '2020-09-17 07:34:21', '2011-12-16 11:40:02');
INSERT INTO `comments` (`id`, `user_id`, `post_id`, `comment`, `created_at`, `updated_at`) VALUES ('68', '31', '100', 'And the Gryphon as if it please your Majesty,\' said the Pigeon. \'I\'m NOT a serpent, I tell you!\' said Alice. \'I don\'t think they play at all this time. \'I want a clean cup,\' interrupted the Hatter:.', '2003-01-29 04:51:54', '2017-04-03 17:19:08');
INSERT INTO `comments` (`id`, `user_id`, `post_id`, `comment`, `created_at`, `updated_at`) VALUES ('69', '53', '164', 'Hatter added as an explanation; \'I\'ve none of YOUR business, Two!\' said Seven. \'Yes, it IS his business!\' said Five, in a bit.\' \'Perhaps it doesn\'t matter which way I ought to be executed for having.', '2006-04-27 16:23:53', '1985-07-03 00:17:55');
INSERT INTO `comments` (`id`, `user_id`, `post_id`, `comment`, `created_at`, `updated_at`) VALUES ('70', '85', '127', 'What happened to me! I\'LL soon make you grow shorter.\' \'One side will make you a present of everything I\'ve said as yet.\' \'A cheap sort of meaning in it,\' said Alice in a tone of delight, which.', '1981-03-07 22:27:15', '2020-01-26 13:48:09');
INSERT INTO `comments` (`id`, `user_id`, `post_id`, `comment`, `created_at`, `updated_at`) VALUES ('71', '40', '104', 'I\'m afraid, sir\' said Alice, \'a great girl like you,\' (she might well say this), \'to go on crying in this way! Stop this moment, I tell you!\' said Alice. \'Come, let\'s hear some of the room again, no.', '1987-12-26 04:16:53', '1988-12-31 07:03:38');
INSERT INTO `comments` (`id`, `user_id`, `post_id`, `comment`, `created_at`, `updated_at`) VALUES ('72', '8', '200', 'Caterpillar called after it; and the Dormouse said--\' the Hatter were having tea at it: a Dormouse was sitting next to her. \'I can hardly breathe.\' \'I can\'t remember things as I was sent for.\' \'You.', '1971-09-16 16:44:58', '1978-11-02 03:52:32');
INSERT INTO `comments` (`id`, `user_id`, `post_id`, `comment`, `created_at`, `updated_at`) VALUES ('73', '69', '99', 'As soon as it is.\' \'I quite agree with you,\' said the Dodo. Then they all cheered. Alice thought the whole court was in the middle. Alice kept her eyes anxiously fixed on it, and yet it was YOUR.', '2005-12-20 21:18:58', '2020-05-27 09:52:01');
INSERT INTO `comments` (`id`, `user_id`, `post_id`, `comment`, `created_at`, `updated_at`) VALUES ('74', '23', '98', 'Off with his knuckles. It was so small as this before, never! And I declare it\'s too bad, that it felt quite relieved to see what this bottle does. I do it again and again.\' \'You are old, Father.', '1995-10-05 10:37:04', '2015-08-20 18:27:40');
INSERT INTO `comments` (`id`, `user_id`, `post_id`, `comment`, `created_at`, `updated_at`) VALUES ('75', '45', '101', 'Alice! Come here directly, and get in at the March Hare. \'Sixteenth,\' added the Dormouse, without considering at all like the look of the words \'EAT ME\' were beautifully marked in currants. \'Well,.', '2007-10-22 17:00:30', '1981-01-05 20:03:24');
INSERT INTO `comments` (`id`, `user_id`, `post_id`, `comment`, `created_at`, `updated_at`) VALUES ('76', '5', '87', 'I tell you!\' But she went down on their faces, so that altogether, for the baby, the shriek of the shepherd boy--and the sneeze of the words did not like the look of things at all, as the game was.', '1980-10-24 23:41:29', '1979-02-12 05:11:50');
INSERT INTO `comments` (`id`, `user_id`, `post_id`, `comment`, `created_at`, `updated_at`) VALUES ('77', '49', '141', 'I shan\'t go, at any rate,\' said Alice: \'--where\'s the Duchess?\' \'Hush! Hush!\' said the Duchess: \'what a clear way you can;--but I must sugar my hair.\" As a duck with its wings. \'Serpent!\' screamed.', '1971-07-06 03:11:42', '2008-02-07 06:55:51');
INSERT INTO `comments` (`id`, `user_id`, `post_id`, `comment`, `created_at`, `updated_at`) VALUES ('78', '38', '3', 'You see the Hatter grumbled: \'you shouldn\'t have put it more clearly,\' Alice replied very politely, \'for I never was so small as this before, never! And I declare it\'s too bad, that it was certainly.', '2001-07-31 13:33:08', '2011-09-29 06:30:08');
INSERT INTO `comments` (`id`, `user_id`, `post_id`, `comment`, `created_at`, `updated_at`) VALUES ('79', '47', '140', 'Alice did not answer, so Alice soon began talking again. \'Dinah\'ll miss me very much to-night, I should think you could draw treacle out of this pool? I am to see how he can EVEN finish, if he.', '1989-11-04 14:47:43', '2003-01-03 11:44:18');
INSERT INTO `comments` (`id`, `user_id`, `post_id`, `comment`, `created_at`, `updated_at`) VALUES ('80', '8', '160', 'King. \'Then it wasn\'t very civil of you to sit down without being seen, when she looked down, was an old Turtle--we used to it!\' pleaded poor Alice. \'But you\'re so easily offended!\' \'You\'ll get used.', '2004-01-02 17:56:46', '1983-09-19 00:27:52');
INSERT INTO `comments` (`id`, `user_id`, `post_id`, `comment`, `created_at`, `updated_at`) VALUES ('81', '13', '59', 'Bill, was in livery: otherwise, judging by his garden.\"\' Alice did not get dry again: they had settled down again in a day or two: wouldn\'t it be murder to leave off being arches to do it.\' (And, as.', '1978-01-04 23:05:45', '2005-02-17 02:26:18');
INSERT INTO `comments` (`id`, `user_id`, `post_id`, `comment`, `created_at`, `updated_at`) VALUES ('82', '94', '94', 'The poor little thing howled so, that he had never been so much at this, but at any rate: go and get ready for your walk!\" \"Coming in a natural way. \'I thought it must be really offended. \'We won\'t.', '1986-02-04 17:56:24', '1978-10-04 06:57:34');
INSERT INTO `comments` (`id`, `user_id`, `post_id`, `comment`, `created_at`, `updated_at`) VALUES ('83', '23', '49', 'Dormouse, who was gently brushing away some dead leaves that had made the whole party swam to the whiting,\' said the Mock Turtle replied in an offended tone, and everybody laughed, \'Let the jury.', '2001-10-29 17:17:18', '1991-05-24 08:07:33');
INSERT INTO `comments` (`id`, `user_id`, `post_id`, `comment`, `created_at`, `updated_at`) VALUES ('84', '97', '150', 'Mouse to Alice an excellent plan, no doubt, and very soon finished off the mushroom, and raised herself to some tea and bread-and-butter, and then sat upon it.) \'I\'m glad I\'ve seen that done,\'.', '2018-09-03 14:15:37', '2020-09-17 06:20:19');
INSERT INTO `comments` (`id`, `user_id`, `post_id`, `comment`, `created_at`, `updated_at`) VALUES ('85', '6', '162', 'Pray, what is the reason so many out-of-the-way things had happened lately, that Alice had no idea what Latitude or Longitude either, but thought they were filled with tears again as quickly as she.', '1984-03-31 14:01:46', '1982-01-02 06:35:35');
INSERT INTO `comments` (`id`, `user_id`, `post_id`, `comment`, `created_at`, `updated_at`) VALUES ('86', '39', '92', 'Alice, and, after glaring at her own mind (as well as she could see it again, but it was too slippery; and when Alice had not as yet had any sense, they\'d take the roof of the evening, beautiful.', '1987-03-15 23:11:47', '1997-12-24 01:58:34');
INSERT INTO `comments` (`id`, `user_id`, `post_id`, `comment`, `created_at`, `updated_at`) VALUES ('87', '33', '92', 'Why, I haven\'t been invited yet.\' \'You\'ll see me there,\' said the Dormouse, who seemed to listen, the whole court was a little wider. \'Come, it\'s pleased so far,\' said the Cat remarked. \'Don\'t be.', '1998-04-16 08:18:41', '2012-05-23 18:20:58');
INSERT INTO `comments` (`id`, `user_id`, `post_id`, `comment`, `created_at`, `updated_at`) VALUES ('88', '46', '2', 'Hatter. \'Stolen!\' the King repeated angrily, \'or I\'ll have you got in as well,\' the Hatter instead!\' CHAPTER VII. A Mad Tea-Party There was a large fan in the schoolroom, and though this was his.', '1999-12-18 23:30:00', '2012-03-20 23:10:59');
INSERT INTO `comments` (`id`, `user_id`, `post_id`, `comment`, `created_at`, `updated_at`) VALUES ('89', '95', '137', 'White Rabbit, with a little startled when she looked down at her rather inquisitively, and seemed to be almost out of sight, they were playing the Queen was close behind her, listening: so she.', '1981-09-17 06:46:11', '1990-09-03 22:46:29');
INSERT INTO `comments` (`id`, `user_id`, `post_id`, `comment`, `created_at`, `updated_at`) VALUES ('90', '50', '79', 'The Gryphon sat up and down looking for eggs, as it spoke (it was Bill, the Lizard) could not swim. He sent them word I had our Dinah here, I know is, something comes at me like a snout than a.', '1972-10-20 06:27:24', '1987-05-04 00:00:24');
INSERT INTO `comments` (`id`, `user_id`, `post_id`, `comment`, `created_at`, `updated_at`) VALUES ('91', '19', '109', 'March Hare moved into the teapot. \'At any rate a book written about me, that there was a general chorus of \'There goes Bill!\' then the Rabbit\'s little white kid gloves and a sad tale!\' said the.', '2014-10-19 18:05:32', '1985-05-14 19:14:04');
INSERT INTO `comments` (`id`, `user_id`, `post_id`, `comment`, `created_at`, `updated_at`) VALUES ('92', '83', '134', 'Exactly as we needn\'t try to find her in an undertone, \'important--unimportant--unimportant--important--\' as if it makes me grow larger, I can kick a little!\' She drew her foot as far down the hall..', '2009-06-26 19:33:53', '2000-03-16 09:33:45');
INSERT INTO `comments` (`id`, `user_id`, `post_id`, `comment`, `created_at`, `updated_at`) VALUES ('93', '25', '39', 'On which Seven looked up and down looking for it, she found a little bird as soon as look at me like that!\' said Alice to herself, and shouted out, \'You\'d better not do that again!\' which produced.', '2008-04-27 11:32:28', '2016-03-29 11:19:05');
INSERT INTO `comments` (`id`, `user_id`, `post_id`, `comment`, `created_at`, `updated_at`) VALUES ('94', '68', '143', 'She hastily put down yet, before the officer could get away without being invited,\' said the Rabbit just under the sea,\' the Gryphon went on, spreading out the answer to shillings and pence. \'Take.', '1990-02-09 14:38:30', '1981-02-01 18:04:48');
INSERT INTO `comments` (`id`, `user_id`, `post_id`, `comment`, `created_at`, `updated_at`) VALUES ('95', '89', '151', 'I don\'t understand. Where did they live at the Caterpillar\'s making such VERY short remarks, and she felt sure she would have made a snatch in the same when I find a thing,\' said the Mouse. \'--I.', '2011-02-17 19:03:16', '2008-02-10 07:05:13');
INSERT INTO `comments` (`id`, `user_id`, `post_id`, `comment`, `created_at`, `updated_at`) VALUES ('96', '51', '4', 'Two!\' said Seven. \'Yes, it IS his business!\' said Five, in a very little! Besides, SHE\'S she, and I\'m sure _I_ shan\'t be able! I shall have some fun now!\' thought Alice. \'I mean what I used to queer.', '1993-06-12 00:09:24', '2000-01-10 12:44:18');
INSERT INTO `comments` (`id`, `user_id`, `post_id`, `comment`, `created_at`, `updated_at`) VALUES ('97', '5', '89', 'He only does it to be lost, as she did not like to try the effect: the next witness.\' And he got up and picking the daisies, when suddenly a footman because he was in March.\' As she said to herself,.', '2016-10-09 01:57:22', '1981-05-10 05:22:43');
INSERT INTO `comments` (`id`, `user_id`, `post_id`, `comment`, `created_at`, `updated_at`) VALUES ('98', '49', '54', 'There was nothing on it but tea. \'I don\'t think--\' \'Then you shouldn\'t talk,\' said the Rabbit was no \'One, two, three, and away,\' but they were filled with cupboards and book-shelves; here and there.', '1987-08-25 10:28:01', '2011-10-07 02:50:04');
INSERT INTO `comments` (`id`, `user_id`, `post_id`, `comment`, `created_at`, `updated_at`) VALUES ('99', '69', '91', 'However, she soon found out that it was quite pleased to find quite a commotion in the distance would take the hint; but the Mouse heard this, it turned round and look up in a great crash, as if a.', '2020-05-19 17:29:40', '1975-11-05 05:23:59');
INSERT INTO `comments` (`id`, `user_id`, `post_id`, `comment`, `created_at`, `updated_at`) VALUES ('100', '2', '149', 'Ma!\' said the Queen. An invitation from the change: and Alice was beginning to write out a new idea to Alice, and she had to fall a long sleep you\'ve had!\' \'Oh, I\'ve had such a thing I ask! It\'s.', '1971-04-27 19:35:14', '1997-02-03 15:42:07');



#
# TABLE STRUCTURE FOR: photos
#

CREATE TABLE `photos` (
  `id` bigint(20) unsigned NOT NULL AUTO_INCREMENT,
  `filename` varchar(200) COLLATE utf8_unicode_ci DEFAULT NULL,
  `user_id` bigint(20) unsigned NOT NULL,
  `description` text COLLATE utf8_unicode_ci DEFAULT NULL,
  `created_at` datetime DEFAULT current_timestamp(),
  PRIMARY KEY (`id`),
  KEY `user_id` (`user_id`),
  CONSTRAINT `photos_ibfk_1` FOREIGN KEY (`user_id`) REFERENCES `users` (`id`)
) ENGINE=InnoDB AUTO_INCREMENT=51 DEFAULT CHARSET=utf8 COLLATE=utf8_unicode_ci;

INSERT INTO `photos` (`id`, `filename`, `user_id`, `description`, `created_at`) VALUES ('1', 'Ut nihil vel modi quaerat voluptas reprehenderit voluptatem molestiae. Minima vero ut molestiae minus. Aperiam explicabo sit non architecto.', '10', 'Tempora autem molestiae quasi distinctio qui tenetur. Similique qui nobis ducimus quo deleniti aut. Quae veritatis voluptas sed animi.', '1970-05-22 23:59:49');
INSERT INTO `photos` (`id`, `filename`, `user_id`, `description`, `created_at`) VALUES ('2', 'Cupiditate impedit natus voluptatem a eos nisi. Et saepe repudiandae quam et qui. Mollitia repudiandae voluptatem voluptatem quo.', '39', 'Culpa pariatur ea quos laboriosam. Autem modi omnis sit illum dolorum consequatur eum deserunt. Velit eius qui consectetur animi suscipit voluptates eligendi velit. Qui laudantium quae quasi alias autem quaerat voluptatem.', '1971-09-30 07:27:50');
INSERT INTO `photos` (`id`, `filename`, `user_id`, `description`, `created_at`) VALUES ('3', 'Vel facere velit harum adipisci explicabo praesentium voluptates. Qui illum est eos. Est minima fugit explicabo architecto nihil quos reiciendis.', '71', 'Corrupti minima veritatis exercitationem repellat aut. Exercitationem est nihil voluptas autem quis et. Voluptatem qui atque et enim.', '1988-04-24 01:04:27');
INSERT INTO `photos` (`id`, `filename`, `user_id`, `description`, `created_at`) VALUES ('4', 'Itaque nesciunt porro corporis voluptas. Error libero nesciunt a autem labore provident qui. Velit fugiat quam cupiditate fuga harum ipsa ut.', '9', 'Deserunt commodi quis vel eveniet. Fugit nostrum est porro. Doloribus et dolorem aliquid nulla aut amet. Facilis quasi et et et fugiat.', '2011-11-18 21:54:43');
INSERT INTO `photos` (`id`, `filename`, `user_id`, `description`, `created_at`) VALUES ('5', 'Eligendi minus repellat nemo in dolore aliquid. Ut minima error sed. Id rerum saepe perspiciatis. Unde earum iure molestias unde alias iure corrupti aut.', '43', 'Rem tenetur impedit earum possimus. Sed quae omnis perferendis et. Sunt reprehenderit quia aliquam aut fugit. Rerum libero aperiam velit nemo totam rerum.', '2009-07-26 18:38:25');
INSERT INTO `photos` (`id`, `filename`, `user_id`, `description`, `created_at`) VALUES ('6', 'At qui et tenetur sint. Earum quo voluptatibus quas explicabo delectus beatae. Provident ullam eveniet eos error.', '86', 'Dicta ab quibusdam aut. Nam exercitationem eos corporis itaque accusantium et. Quod blanditiis et facilis molestiae officia aut.', '1973-04-21 08:30:20');
INSERT INTO `photos` (`id`, `filename`, `user_id`, `description`, `created_at`) VALUES ('7', 'Omnis molestiae tenetur omnis nesciunt quia nobis ratione. Non reiciendis suscipit quo quasi.\nNeque ex impedit doloremque. Numquam alias tenetur ut delectus sed voluptatem. Sed fuga in iusto facilis.', '89', 'Doloremque sit sit distinctio omnis. Ut rerum mollitia animi rem tenetur enim cum. Corporis illum beatae nemo dignissimos hic. Magni sed quaerat nemo nemo maxime quisquam.', '1999-11-15 03:50:52');
INSERT INTO `photos` (`id`, `filename`, `user_id`, `description`, `created_at`) VALUES ('8', 'Nostrum quam incidunt sint velit. Officia laboriosam non sunt earum iste voluptatem nihil. Sequi soluta labore nobis repellendus vel. Doloribus atque ut aut et.', '46', 'Quo maxime rerum maiores doloribus. Amet necessitatibus corrupti tenetur excepturi velit. A voluptate error nostrum reiciendis maiores.', '1982-10-06 11:51:30');
INSERT INTO `photos` (`id`, `filename`, `user_id`, `description`, `created_at`) VALUES ('9', 'Qui nihil voluptas ut consectetur quis vitae. Accusamus asperiores rerum ut ut. Voluptatibus ab qui fugiat pariatur voluptatem provident velit.', '70', 'Sapiente dolores et ad sed odit repellat velit dolorem. Esse necessitatibus est iste molestiae odit. Alias reiciendis impedit possimus quibusdam quasi. Eligendi consequatur inventore iusto. Omnis sint quidem consequatur accusamus excepturi vero ipsa.', '2002-10-31 05:49:08');
INSERT INTO `photos` (`id`, `filename`, `user_id`, `description`, `created_at`) VALUES ('10', 'Distinctio ex saepe et expedita. Vel qui cupiditate laborum dolores dignissimos quas aut. Tenetur dolores ab vitae et fugiat quis.', '69', 'Porro qui et voluptas non soluta. Rem qui quidem dolor eaque sit. Accusamus voluptatem hic error dolores et ipsam amet. Deserunt similique eius tempora reiciendis natus.', '1993-10-05 04:21:00');
INSERT INTO `photos` (`id`, `filename`, `user_id`, `description`, `created_at`) VALUES ('11', 'Iste blanditiis nobis nam sunt dolore aliquam animi. Error in eius sed rerum. Nesciunt mollitia incidunt tempora est iure voluptatem velit. Tenetur qui velit consectetur.', '14', 'Voluptas ea maiores rerum magni. Officiis maxime et nam beatae qui aliquam in. Commodi sed dolorem beatae omnis ullam rem labore dolore.', '1984-05-09 01:48:14');
INSERT INTO `photos` (`id`, `filename`, `user_id`, `description`, `created_at`) VALUES ('12', 'Vel enim et aliquam quia rerum ut. Esse necessitatibus deleniti amet nobis provident.\nSunt adipisci qui consequatur autem. Repellat dolorum vitae ducimus blanditiis.', '80', 'Molestias vel optio ad voluptatem similique quibusdam itaque at. Nemo accusantium eligendi in non nobis qui. Dicta eaque fuga dolorum suscipit dolor quis. Harum sunt architecto dolore dolorem id est incidunt.', '2005-10-23 18:09:15');
INSERT INTO `photos` (`id`, `filename`, `user_id`, `description`, `created_at`) VALUES ('13', 'Ea aut omnis ea sapiente dolorum. Facilis sed labore rerum molestiae aut quos.', '37', 'Cupiditate optio laudantium quaerat dolorem molestias quidem inventore. Temporibus iusto rerum saepe rem. Dicta accusantium cumque illo. Praesentium asperiores voluptas velit debitis cupiditate eum eius.', '2010-12-23 08:16:30');
INSERT INTO `photos` (`id`, `filename`, `user_id`, `description`, `created_at`) VALUES ('14', 'Modi reprehenderit maiores ut doloremque voluptatum aut expedita corrupti. Et aperiam optio voluptas praesentium. Eaque hic non sed sunt. Dignissimos quam fugiat et perferendis.', '89', 'Odit aut animi quia sit. Et corrupti delectus qui quisquam architecto harum laboriosam. Sed placeat voluptas incidunt qui vero delectus repudiandae.', '1993-02-03 01:57:09');
INSERT INTO `photos` (`id`, `filename`, `user_id`, `description`, `created_at`) VALUES ('15', 'Fuga consequatur culpa voluptatem maiores nostrum temporibus est. Illum officiis ut dolores aut ut. Assumenda repudiandae voluptatem impedit commodi.', '4', 'Deserunt magnam voluptas esse mollitia libero expedita quia inventore. Debitis officiis distinctio molestias ab nam voluptatum quaerat. Ut aut nobis non laborum vel. Corporis consectetur ab laudantium qui odio dicta.', '1997-07-23 07:38:28');
INSERT INTO `photos` (`id`, `filename`, `user_id`, `description`, `created_at`) VALUES ('16', 'Fugiat sint magnam atque et. Commodi qui impedit ipsum. Expedita harum culpa id sequi voluptatem rem.', '82', 'Enim pariatur repellendus vel porro voluptas maiores. Corrupti consectetur deserunt aut ipsa culpa. Minima dignissimos ut suscipit quaerat. Temporibus non rerum sit consequatur modi et.', '2018-05-02 04:21:53');
INSERT INTO `photos` (`id`, `filename`, `user_id`, `description`, `created_at`) VALUES ('17', 'Possimus minima dolorum debitis et totam et. Ipsam iure totam expedita sunt dolores. Repellat et voluptas et aut ipsa molestias. Consequatur officia ipsam minima ut molestiae vel porro.', '10', 'Fuga hic aliquam ipsa reiciendis. Quis rerum culpa quasi est. Veritatis neque quis nostrum ut voluptatem animi vel.', '2008-02-20 02:06:30');
INSERT INTO `photos` (`id`, `filename`, `user_id`, `description`, `created_at`) VALUES ('18', 'Suscipit esse eum provident molestiae accusamus veritatis commodi ea. Ut doloremque corrupti tenetur.', '98', 'Quo quis dignissimos ipsam quis molestiae. Esse sint eos dolor tenetur. Expedita enim voluptatem sit quas iste. Minima id sit et nulla. Et commodi aperiam sint.', '1980-08-02 09:10:13');
INSERT INTO `photos` (`id`, `filename`, `user_id`, `description`, `created_at`) VALUES ('19', 'Molestiae rerum consequuntur aut aspernatur quis pariatur sint sit. Ipsam rerum quisquam aut non exercitationem. Quis suscipit repellendus illum ipsum aut expedita suscipit.', '51', 'Et voluptatum eum ut a. Perspiciatis nihil ad modi aperiam eveniet soluta sunt. Quia saepe ab rerum voluptas.', '2004-08-01 15:21:39');
INSERT INTO `photos` (`id`, `filename`, `user_id`, `description`, `created_at`) VALUES ('20', 'Quam labore incidunt sequi ad. Amet totam et amet nesciunt aut est. Excepturi provident et modi facilis iusto.', '70', 'Temporibus placeat laborum deserunt hic. Explicabo dolores officiis culpa a quo. Aut aliquid voluptatem eveniet dolore sunt sit dolore iste. Eaque autem hic cumque nostrum est.', '2001-08-20 10:03:17');
INSERT INTO `photos` (`id`, `filename`, `user_id`, `description`, `created_at`) VALUES ('21', 'Vel id consequatur inventore sapiente sed aliquam at. Itaque veniam neque pariatur. Harum distinctio voluptas praesentium totam ut est non.', '94', 'Eos sit ducimus repellendus sed quia rerum. Aut consequatur natus quidem nostrum incidunt mollitia non. Nihil neque facere corporis animi pariatur ut ducimus.', '2012-04-27 16:09:42');
INSERT INTO `photos` (`id`, `filename`, `user_id`, `description`, `created_at`) VALUES ('22', 'Et rerum aut et distinctio. Maxime ex nesciunt accusamus et reiciendis ut sunt.', '70', 'Blanditiis consectetur provident quam id eaque numquam laudantium. Sint quis sit iste incidunt fugiat nemo veritatis. Ut dolorem error ad tenetur.', '2016-05-12 16:56:15');
INSERT INTO `photos` (`id`, `filename`, `user_id`, `description`, `created_at`) VALUES ('23', 'Nam expedita ipsa aut voluptas consequuntur in ullam. Voluptatibus tempora assumenda et non rerum. Sint corrupti nesciunt nihil voluptatem et ut. Autem dolores ab corporis repellendus id accusantium.', '32', 'Reprehenderit dolor non et ab. Et rem qui molestias distinctio voluptatem. Quisquam assumenda similique et voluptas. Aliquid adipisci sequi omnis quis maiores odit.', '2005-02-26 11:10:30');
INSERT INTO `photos` (`id`, `filename`, `user_id`, `description`, `created_at`) VALUES ('24', 'Consequatur tempora magnam et nemo. Velit qui ut odio et mollitia voluptatibus magnam. Qui suscipit pariatur non consequuntur.', '69', 'Dolorem praesentium iste velit sed vitae. Voluptatem corrupti similique aut voluptatem itaque. Aut tenetur ab eum a odit quae dolorem. Dolor pariatur tempore delectus perferendis veniam possimus est.', '1988-08-07 10:38:02');
INSERT INTO `photos` (`id`, `filename`, `user_id`, `description`, `created_at`) VALUES ('25', 'Recusandae similique fuga quo sed. Natus reprehenderit alias aut facilis asperiores porro. Consequatur quia velit excepturi vitae ut.', '18', 'Omnis ullam sequi odit. Ut aliquam aut voluptatibus deleniti.', '1970-06-14 00:35:34');
INSERT INTO `photos` (`id`, `filename`, `user_id`, `description`, `created_at`) VALUES ('26', 'Eius in qui dolorem aliquam. Necessitatibus reiciendis consequatur eveniet culpa possimus.', '99', 'Et praesentium qui et ab. Blanditiis ea quos blanditiis expedita quia voluptatem. Possimus blanditiis quaerat est consequuntur et et minima. Vero ad quod ratione non.', '2020-05-06 23:48:09');
INSERT INTO `photos` (`id`, `filename`, `user_id`, `description`, `created_at`) VALUES ('27', 'Cumque qui qui ut a voluptate. Neque neque quasi sed eos aut. Delectus dolorem est ad doloremque.', '78', 'Quasi atque libero et fugit. Corrupti nobis at expedita explicabo. Dolorem ratione quia distinctio. Eos sint nemo laboriosam sapiente enim.', '1999-09-30 04:42:30');
INSERT INTO `photos` (`id`, `filename`, `user_id`, `description`, `created_at`) VALUES ('28', 'Amet dolores nostrum commodi occaecati repellat eius alias non. Doloremque maxime enim eius asperiores ut ducimus velit. Iste est ipsum vero. Inventore qui quia autem in distinctio ipsa dicta.', '24', 'Impedit necessitatibus illum dolorum sunt. Iste et nulla vero perferendis quia. Sit numquam provident enim non nemo commodi nihil perspiciatis.', '1977-03-29 23:52:41');
INSERT INTO `photos` (`id`, `filename`, `user_id`, `description`, `created_at`) VALUES ('29', 'Aperiam nulla eum dolore ducimus dolor est. Voluptatem velit illum aut commodi alias. Vel exercitationem eligendi odio modi ea. Dolorum consectetur sit commodi et aliquam est.', '74', 'Aut ullam rerum est dolorem. Doloremque voluptatem esse eum placeat qui eius et. Ullam omnis nulla voluptatem consequatur quas soluta molestiae.', '1976-12-26 11:40:04');
INSERT INTO `photos` (`id`, `filename`, `user_id`, `description`, `created_at`) VALUES ('30', 'Omnis qui incidunt in debitis est neque dicta animi. Et esse quae voluptatem ipsum. Dolorem atque expedita culpa voluptatem quam.', '43', 'Ipsum et velit laborum voluptatibus eum assumenda. Excepturi sit et praesentium adipisci aut. Libero et doloremque sit aut quos.', '2012-01-10 11:56:19');
INSERT INTO `photos` (`id`, `filename`, `user_id`, `description`, `created_at`) VALUES ('31', 'Officia fugiat quasi voluptatem et illum ipsa ut. Et laborum vel eum ut tempore animi. Hic eos magnam veniam molestiae quia in odit.', '11', 'Modi quae qui quasi voluptatum commodi praesentium. Numquam quis sapiente id quisquam et fuga. Quidem eos est officia dolores autem dolorum rerum. Impedit voluptatem ex totam omnis.', '1980-07-20 20:58:21');
INSERT INTO `photos` (`id`, `filename`, `user_id`, `description`, `created_at`) VALUES ('32', 'Atque rerum non hic dolores accusantium voluptas praesentium. Voluptatem beatae qui assumenda placeat deleniti voluptatem. Esse praesentium omnis impedit fugiat ut rerum.', '83', 'Sunt voluptatem reprehenderit nulla. Et est qui neque sapiente. A atque repudiandae harum reprehenderit natus facilis magnam earum. Commodi ab quibusdam beatae laborum odio a et.', '1988-08-03 01:52:30');
INSERT INTO `photos` (`id`, `filename`, `user_id`, `description`, `created_at`) VALUES ('33', 'Accusamus omnis et voluptatem. Itaque quia aliquid id tenetur velit cumque. Similique aut iste autem fuga eum aperiam ipsa nihil. Ea qui reiciendis error aut voluptatem odio voluptas.', '81', 'Consequatur ut quo cum alias ea saepe enim magnam. Fugit et deleniti qui non laudantium incidunt. Non inventore sed nostrum illo in pariatur delectus.', '1982-09-22 14:20:48');
INSERT INTO `photos` (`id`, `filename`, `user_id`, `description`, `created_at`) VALUES ('34', 'Omnis sit aut odio accusamus. Officia quia nesciunt dolores omnis iure et. Omnis maxime eius excepturi fugiat ipsum quam non.', '82', 'Ea vero veritatis est occaecati animi non. Et veritatis nisi ut dolores hic consequatur.', '2004-07-04 01:31:57');
INSERT INTO `photos` (`id`, `filename`, `user_id`, `description`, `created_at`) VALUES ('35', 'Ullam sint similique qui consectetur. Dicta consequatur velit a omnis quis molestiae. Unde vel mollitia dicta qui est quos iusto adipisci. Corrupti id vero quas quod dignissimos nihil ut.', '92', 'Quo dignissimos ut totam dolor. Ut eos quibusdam officia voluptas a. Modi et aut perspiciatis quis corporis magnam et.', '2018-12-20 20:01:57');
INSERT INTO `photos` (`id`, `filename`, `user_id`, `description`, `created_at`) VALUES ('36', 'Et eos rem quia nihil dolorum sint et. Qui maxime nisi molestiae vel veniam earum exercitationem.', '23', 'Et placeat quas voluptas eos consectetur aut dolore. Accusamus quo cum quia reprehenderit nobis. Inventore natus veritatis deleniti illum distinctio est. Aliquam quia possimus iure dolorem et mollitia quas cumque.', '2002-07-26 06:13:12');
INSERT INTO `photos` (`id`, `filename`, `user_id`, `description`, `created_at`) VALUES ('37', 'Magnam consequatur cupiditate ut dolorum. Et error id expedita quod assumenda ullam porro. Aut voluptas quia ut. Voluptas incidunt qui ipsam.', '67', 'Qui nisi cupiditate aut accusamus. Ex placeat voluptatem illo animi fugit. Et modi nostrum ipsum non omnis incidunt porro. Corporis rerum magni illum aperiam illum. Eligendi nobis quia fugit veniam possimus et aliquid.', '2020-08-08 19:29:07');
INSERT INTO `photos` (`id`, `filename`, `user_id`, `description`, `created_at`) VALUES ('38', 'Pariatur aut voluptas laudantium at. Quam quae recusandae quaerat aut. Exercitationem tempore ea tenetur delectus laudantium adipisci voluptatem totam. Nisi quos sunt asperiores impedit voluptatem.', '80', 'Sequi et sit corrupti qui ipsa laudantium ut. Ad voluptates nemo magni autem quis laboriosam vitae ad. Et fugiat nam nesciunt sed quae. Soluta voluptatem velit provident ut nam.', '2009-01-16 02:32:35');
INSERT INTO `photos` (`id`, `filename`, `user_id`, `description`, `created_at`) VALUES ('39', 'Ea necessitatibus saepe aut repellat. Ipsa molestiae est sed qui dolores id nihil. Qui dolorum exercitationem consequuntur dignissimos quia rerum voluptatem.', '69', 'Exercitationem amet eum in ut omnis. Doloremque aspernatur provident quo aut voluptas. Necessitatibus dolor laudantium minima consequatur eum fuga eaque et.', '1970-01-22 10:11:45');
INSERT INTO `photos` (`id`, `filename`, `user_id`, `description`, `created_at`) VALUES ('40', 'Deleniti eos qui quia. At omnis ipsum quidem minus. Quisquam voluptatibus vel sequi error. Nihil quia hic qui ducimus.', '36', 'Voluptas quisquam repellendus id dolorem cupiditate ad. Et amet et nisi porro molestiae dolores. Inventore sed odio illo voluptas. Commodi iste voluptatem voluptas dolore maxime saepe deserunt occaecati.', '1990-05-17 22:02:58');
INSERT INTO `photos` (`id`, `filename`, `user_id`, `description`, `created_at`) VALUES ('41', 'Molestiae unde expedita ut numquam at similique. Enim esse saepe architecto quas fuga minima. Vero numquam eum sed ex aspernatur ipsum omnis.', '49', 'Quo tenetur laborum similique eum sint et. Corporis ut nam voluptatum non in maiores. Possimus eius distinctio animi qui. Laborum voluptatem iste saepe molestiae.', '2020-01-20 17:48:32');
INSERT INTO `photos` (`id`, `filename`, `user_id`, `description`, `created_at`) VALUES ('42', 'Magnam autem molestias aut et ut aspernatur. Et ullam voluptatem iusto et laborum.', '83', 'Eius quisquam quas molestiae omnis maiores. Quas ex accusantium facere ullam.', '2007-04-16 01:31:50');
INSERT INTO `photos` (`id`, `filename`, `user_id`, `description`, `created_at`) VALUES ('43', 'Placeat illum ea et quibusdam vero deleniti nesciunt. Atque minus deleniti nulla error distinctio id vero.', '16', 'Nemo consequatur doloribus aut. Vel et et necessitatibus non atque placeat aut odio.', '2008-05-06 15:45:50');
INSERT INTO `photos` (`id`, `filename`, `user_id`, `description`, `created_at`) VALUES ('44', 'Eveniet est iusto aut. Debitis sed officiis ad delectus. Et magni sapiente quisquam eaque molestias natus magnam et.', '86', 'Dolore a iure est. Vero nam rerum perferendis iure assumenda. Perferendis eaque neque qui.', '1977-01-27 22:10:05');
INSERT INTO `photos` (`id`, `filename`, `user_id`, `description`, `created_at`) VALUES ('45', 'Asperiores labore quas aut delectus qui. Dolores placeat provident rem modi repudiandae ipsum. Iure enim esse sequi. Sunt quibusdam dolores vel aut qui.', '72', 'Amet sunt ex itaque expedita provident. Ut praesentium minus voluptate eligendi esse. Quidem nesciunt doloribus ut aut excepturi.', '2011-12-28 05:51:28');
INSERT INTO `photos` (`id`, `filename`, `user_id`, `description`, `created_at`) VALUES ('46', 'Aut est quis molestias iure. Harum occaecati quidem rerum ea. Officiis earum omnis unde non et qui ea. Accusamus quia et perspiciatis minima.', '19', 'Est nihil dolores dignissimos rem dolore dolores adipisci. Rerum officiis quisquam asperiores vel assumenda vel reiciendis. Nostrum autem ea omnis ab dolorum mollitia.', '1991-08-24 14:59:35');
INSERT INTO `photos` (`id`, `filename`, `user_id`, `description`, `created_at`) VALUES ('47', 'Aliquam aperiam minus quisquam mollitia accusamus. Alias ad vitae voluptatem autem nulla. Porro eveniet quia et temporibus quod laboriosam totam id.', '67', 'Optio perferendis harum eaque ea aspernatur asperiores error eum. Illo aliquid aspernatur ut. Aliquam ipsum et iure fugiat numquam.', '1991-06-25 22:43:45');
INSERT INTO `photos` (`id`, `filename`, `user_id`, `description`, `created_at`) VALUES ('48', 'Officiis odit eveniet aut beatae est minima aut. Ratione enim fugit et voluptas provident quam dolore. Officia esse est et perferendis.', '81', 'Vitae et ratione omnis. Enim delectus quasi ipsum dolorem harum. Explicabo laudantium nemo modi labore consectetur eligendi.', '1980-09-09 12:14:24');
INSERT INTO `photos` (`id`, `filename`, `user_id`, `description`, `created_at`) VALUES ('49', 'Blanditiis cum ut inventore consequatur ullam dolore optio consequatur. Quidem odit quis deleniti natus exercitationem nisi omnis. Quod nostrum architecto id voluptatum nihil accusamus dolorem.', '17', 'Sequi illum autem et incidunt cumque. Enim omnis non enim sunt ab adipisci dolor. Ad tempore sed molestias iure voluptatum natus.', '1979-06-20 12:56:57');
INSERT INTO `photos` (`id`, `filename`, `user_id`, `description`, `created_at`) VALUES ('50', 'Molestias asperiores vel exercitationem ut. Exercitationem a sunt accusamus illo dolore quibusdam. Iste quae quia unde eos quis rerum repudiandae. Sed molestias est cupiditate sequi aut.', '18', 'Inventore labore consectetur porro. Aut sint explicabo provident id. Veritatis omnis necessitatibus adipisci totam perspiciatis.', '2011-10-20 05:35:03');


#
# TABLE STRUCTURE FOR: photo_likes
#

CREATE TABLE `photo_likes` (
  `user_id` bigint(20) unsigned NOT NULL,
  `photo_id` bigint(20) unsigned NOT NULL,
  PRIMARY KEY (`user_id`,`photo_id`),
  KEY `photo_id` (`photo_id`),
  CONSTRAINT `photo_likes_ibfk_1` FOREIGN KEY (`user_id`) REFERENCES `users` (`id`),
  CONSTRAINT `photo_likes_ibfk_2` FOREIGN KEY (`photo_id`) REFERENCES `photos` (`id`)
) ENGINE=InnoDB DEFAULT CHARSET=utf8 COLLATE=utf8_unicode_ci;

INSERT INTO `photo_likes` (`user_id`, `photo_id`) VALUES ('2', '1');
INSERT INTO `photo_likes` (`user_id`, `photo_id`) VALUES ('4', '39');
INSERT INTO `photo_likes` (`user_id`, `photo_id`) VALUES ('5', '41');
INSERT INTO `photo_likes` (`user_id`, `photo_id`) VALUES ('7', '25');
INSERT INTO `photo_likes` (`user_id`, `photo_id`) VALUES ('8', '4');
INSERT INTO `photo_likes` (`user_id`, `photo_id`) VALUES ('10', '23');
INSERT INTO `photo_likes` (`user_id`, `photo_id`) VALUES ('12', '3');
INSERT INTO `photo_likes` (`user_id`, `photo_id`) VALUES ('12', '33');
INSERT INTO `photo_likes` (`user_id`, `photo_id`) VALUES ('15', '5');
INSERT INTO `photo_likes` (`user_id`, `photo_id`) VALUES ('18', '34');
INSERT INTO `photo_likes` (`user_id`, `photo_id`) VALUES ('21', '34');
INSERT INTO `photo_likes` (`user_id`, `photo_id`) VALUES ('23', '31');
INSERT INTO `photo_likes` (`user_id`, `photo_id`) VALUES ('26', '27');
INSERT INTO `photo_likes` (`user_id`, `photo_id`) VALUES ('43', '13');
INSERT INTO `photo_likes` (`user_id`, `photo_id`) VALUES ('45', '47');
INSERT INTO `photo_likes` (`user_id`, `photo_id`) VALUES ('52', '44');
INSERT INTO `photo_likes` (`user_id`, `photo_id`) VALUES ('56', '11');
INSERT INTO `photo_likes` (`user_id`, `photo_id`) VALUES ('56', '28');
INSERT INTO `photo_likes` (`user_id`, `photo_id`) VALUES ('57', '35');
INSERT INTO `photo_likes` (`user_id`, `photo_id`) VALUES ('61', '10');
INSERT INTO `photo_likes` (`user_id`, `photo_id`) VALUES ('62', '34');
INSERT INTO `photo_likes` (`user_id`, `photo_id`) VALUES ('66', '27');
INSERT INTO `photo_likes` (`user_id`, `photo_id`) VALUES ('70', '11');
INSERT INTO `photo_likes` (`user_id`, `photo_id`) VALUES ('71', '11');
INSERT INTO `photo_likes` (`user_id`, `photo_id`) VALUES ('71', '48');
INSERT INTO `photo_likes` (`user_id`, `photo_id`) VALUES ('74', '20');
INSERT INTO `photo_likes` (`user_id`, `photo_id`) VALUES ('78', '19');
INSERT INTO `photo_likes` (`user_id`, `photo_id`) VALUES ('90', '6');
INSERT INTO `photo_likes` (`user_id`, `photo_id`) VALUES ('91', '16');
INSERT INTO `photo_likes` (`user_id`, `photo_id`) VALUES ('99', '7');
